assembly_id	contig_id	ref_id	ospC_type	query_length	ref_length	overall_percent_identity	query_covered_length	ref_covered_length	covered_intervals	query_intervals	subject_hit_coords	query_coverage_percent
ESI26H	contig_9 [gcode=11] [topology=linear]	U04240.1	E	26508	929	86.31578947368422	937	928	[(1, 929)]	[(19409, 20346)]	[(929, 1)]	3.5347819526180775
ESI26H	contig_9 [gcode=11] [topology=linear]	L25413.1	D	26508	1150	86.01036269430051	949	946	[(1, 947)]	[(19302, 20251)]	[(947, 1)]	3.5800513052663345
ESI26H	contig_9 [gcode=11] [topology=linear]	U91800.1	R	26508	539	100.0	538	538	[(1, 539)]	[(19458, 19996)]	[(539, 1)]	2.029575977063528
ESI26H	contig_9 [gcode=11] [topology=linear]	U91791.1	R	26508	530	100.0	529	529	[(1, 530)]	[(19489, 20018)]	[(530, 1)]	1.995623962577335
ESI26H	contig_9 [gcode=11] [topology=linear]	U01892.1	M	26508	824	86.60170523751522	817	817	[(7, 824)]	[(19433, 20250)]	[(824, 7)]	3.082088426135506
