assembly_id	contig_id	ref_id	ospC_type	query_length	ref_length	overall_percent_identity	query_covered_length	ref_covered_length	covered_intervals	query_intervals	subject_hit_coords	query_coverage_percent
ESI425H	contig_11 [gcode=11] [topology=linear]	X81524.1	L	26516	633	99.68404423380727	632	632	[(1, 633)]	[(18136, 18768)]	[(633, 1)]	2.3834665862120983
ESI425H	contig_11 [gcode=11] [topology=linear]	L25413.1	D	26516	1150	84.66722830665543	1166	1149	[(1, 1150)]	[(17782, 18948)]	[(1150, 1)]	4.397344999245738
ESI425H	contig_11 [gcode=11] [topology=linear]	U04240.1	E	26516	929	85.00539374325781	916	913	[(1, 914)]	[(18126, 19042)]	[(914, 1)]	3.454518026851712
ESI425H	contig_11 [gcode=11] [topology=linear]	U01892.1	M	26516	824	83.65617433414043	811	817	[(7, 824)]	[(18136, 18947)]	[(824, 7)]	3.058530698446221
ESI425H	contig_11 [gcode=11] [topology=linear]	U04281.1	I	26516	692	85.36585365853658	693	688	[(1, 689)]	[(18109, 18802)]	[(689, 1)]	2.6135163674762407
