assembly_id	contig_id	ref_id	ospC_type	query_length	ref_length	overall_percent_identity	query_covered_length	ref_covered_length	covered_intervals	query_intervals	subject_hit_coords	query_coverage_percent
GCA_040790775.1_ASM4079077v1_genomic	CP161185.1 Borreliella burgdorferi strain P1286 plasmid cp26, complete sequence	U01894.1	A	28647	980	98.98477157360406	982	977	[(234, 980), (12, 243)]	[(16551, 16787), (16832, 17578)]	[(234, 980), (12, 243)]	3.427933116905784
GCA_040790775.1_ASM4079077v1_genomic	CP161185.1 Borreliella burgdorferi strain P1286 plasmid cp26, complete sequence	L25413.1	D	28647	1150	90.0	1028	1031	[(1, 1032)]	[(16724, 17752)]	[(1, 1032)]	3.5885083952944465
GCA_040790775.1_ASM4079077v1_genomic	CP161185.1 Borreliella burgdorferi strain P1286 plasmid cp26, complete sequence	U04240.1	E	28647	929	86.81672025723472	931	928	[(1, 929)]	[(16630, 17561)]	[(1, 929)]	3.2499040039096587
GCA_040790775.1_ASM4079077v1_genomic	CP161185.1 Borreliella burgdorferi strain P1286 plasmid cp26, complete sequence	U04282.1	B_bissettii25015	28647	962	86.30705394190872	931	961	[(1, 962)]	[(16630, 17561)]	[(1, 962)]	3.2499040039096587
GCA_040790775.1_ASM4079077v1_genomic	CP161185.1 Borreliella burgdorferi strain P1286 plasmid cp26, complete sequence	U01892.1	M	28647	824	87.08891595615104	811	817	[(7, 824)]	[(16725, 17536)]	[(7, 824)]	2.8310119733305408
