assembly_id	contig_id	ref_id	ospC_type	query_length	ref_length	overall_percent_identity	query_covered_length	ref_covered_length	covered_intervals	query_intervals	subject_hit_coords	query_coverage_percent
GCA_003367295.1_ASM336729v1_genomic	CP031398.1 Borreliella burgdorferi strain MM1 plasmid plsm_cp26, complete sequence	L25413.1	D	26507	1150	87.13298791018998	1138	1138	[(1, 1139)]	[(16683, 17821)]	[(1, 1139)]	4.293205568340438
GCA_003367295.1_ASM336729v1_genomic	CP031398.1 Borreliella burgdorferi strain MM1 plasmid plsm_cp26, complete sequence	DQ437467.1	U	26507	600	99.66722129783693	599	599	[(1, 600)]	[(16893, 17492)]	[(1, 600)]	2.2597804353566984
GCA_003367295.1_ASM336729v1_genomic	CP031398.1 Borreliella burgdorferi strain MM1 plasmid plsm_cp26, complete sequence	U04240.1	E	26507	929	86.524064171123	925	913	[(1, 914)]	[(16589, 17514)]	[(1, 914)]	3.489644244916437
GCA_003367295.1_ASM336729v1_genomic	CP031398.1 Borreliella burgdorferi strain MM1 plasmid plsm_cp26, complete sequence	U04282.1	B_bissettii25015	26507	962	84.43983402489627	925	946	[(1, 947)]	[(16589, 17514)]	[(1, 947)]	3.489644244916437
GCA_003367295.1_ASM336729v1_genomic	CP031398.1 Borreliella burgdorferi strain MM1 plasmid plsm_cp26, complete sequence	U01892.1	M	26507	824	85.76598311218335	820	817	[(7, 824)]	[(16684, 17504)]	[(7, 824)]	3.0935224657637606
