assembly_id	contig_id	ref_id	ospC_type	query_length	ref_length	overall_percent_identity	query_covered_length	ref_covered_length	covered_intervals	query_intervals	subject_hit_coords	query_coverage_percent
GCA_024662195.1_ASM2466219v1_genomic	CP094598.1 Borreliella burgdorferi strain B31-5A4 plasmid p26, complete sequence	L25413.1	D	26499	1150	89.90426457789383	1133	1138	[(1, 1139)]	[(16724, 17857)]	[(1, 1139)]	4.275633042756331
GCA_024662195.1_ASM2466219v1_genomic	CP094598.1 Borreliella burgdorferi strain B31-5A4 plasmid p26, complete sequence	U01894.1	A	26499	980	98.98477157360406	982	977	[(234, 980), (12, 243)]	[(16551, 16787), (16832, 17578)]	[(234, 980), (12, 243)]	3.705800218876184
GCA_024662195.1_ASM2466219v1_genomic	CP094598.1 Borreliella burgdorferi strain B31-5A4 plasmid p26, complete sequence	U04240.1	E	26499	929	86.81672025723472	931	928	[(1, 929)]	[(16630, 17561)]	[(1, 929)]	3.513340126042492
GCA_024662195.1_ASM2466219v1_genomic	CP094598.1 Borreliella burgdorferi strain B31-5A4 plasmid p26, complete sequence	U04282.1	B_bissettii25015	26499	962	86.30705394190872	931	961	[(1, 962)]	[(16630, 17561)]	[(1, 962)]	3.513340126042492
GCA_024662195.1_ASM2466219v1_genomic	CP094598.1 Borreliella burgdorferi strain B31-5A4 plasmid p26, complete sequence	U01892.1	M	26499	824	87.08891595615104	811	817	[(7, 824)]	[(16725, 17536)]	[(7, 824)]	3.0604928487867467
