assembly_id	contig_id	ref_id	ospC_type	query_length	ref_length	overall_percent_identity	query_covered_length	ref_covered_length	covered_intervals	query_intervals	subject_hit_coords	query_coverage_percent
GCA_032595755.1_ASM3259575v1_genomic	CP132442.1 Borreliella burgdorferi strain Z9 plasmid cp26, complete sequence	L25413.1	D	26488	1150	88.4393063583815	1027	1035	[(1, 1036)]	[(16713, 17740)]	[(1, 1036)]	3.877227423739052
GCA_032595755.1_ASM3259575v1_genomic	CP132442.1 Borreliella burgdorferi strain Z9 plasmid cp26, complete sequence	EF537417.1	S	26488	573	99.82547993019197	572	572	[(1, 573)]	[(16947, 17519)]	[(1, 573)]	2.1594684385382057
GCA_032595755.1_ASM3259575v1_genomic	CP132442.1 Borreliella burgdorferi strain Z9 plasmid cp26, complete sequence	U04240.1	E	26488	929	87.27465535524921	927	928	[(1, 929)]	[(16619, 17546)]	[(1, 929)]	3.499697976442163
GCA_032595755.1_ASM3259575v1_genomic	CP132442.1 Borreliella burgdorferi strain Z9 plasmid cp26, complete sequence	U01892.1	M	26488	824	85.90522478736331	808	817	[(7, 824)]	[(16714, 17522)]	[(7, 824)]	3.0504379341588646
GCA_032595755.1_ASM3259575v1_genomic	CP132442.1 Borreliella burgdorferi strain Z9 plasmid cp26, complete sequence	U04282.1	B_bissettii25015	26488	962	82.97213622291022	927	961	[(1, 962)]	[(16619, 17546)]	[(1, 962)]	3.499697976442163
