assembly_id	contig_id	ref_id	ospC_type	query_length	ref_length	overall_percent_identity	query_covered_length	ref_covered_length	covered_intervals	query_intervals	subject_hit_coords	query_coverage_percent
GCA_019464575.1_ASM1946457v1_genomic	CP074055.1 Borreliella burgdorferi strain B500 plasmid cp26, complete sequence	L25413.1	D	26512	1150	87.39352640545145	1158	1138	[(1, 1139)]	[(16712, 17870)]	[(1, 1139)]	4.367833433916717
GCA_019464575.1_ASM1946457v1_genomic	CP074055.1 Borreliella burgdorferi strain B500 plasmid cp26, complete sequence	U04281.1	I	26512	692	100.0	691	691	[(1, 692)]	[(16858, 17549)]	[(1, 692)]	2.606366928183464
GCA_019464575.1_ASM1946457v1_genomic	CP074055.1 Borreliella burgdorferi strain B500 plasmid cp26, complete sequence	U04240.1	E	26512	929	87.15498938428875	932	928	[(1, 929)]	[(16617, 17549)]	[(1, 929)]	3.515389257694629
GCA_019464575.1_ASM1946457v1_genomic	CP074055.1 Borreliella burgdorferi strain B500 plasmid cp26, complete sequence	U01892.1	M	26512	824	86.00973236009733	811	817	[(7, 824)]	[(16713, 17524)]	[(7, 824)]	3.058992154496077
GCA_019464575.1_ASM1946457v1_genomic	CP074055.1 Borreliella burgdorferi strain B500 plasmid cp26, complete sequence	DQ437462.1	C	26512	630	89.84126984126985	629	629	[(1, 630)]	[(16892, 17521)]	[(1, 630)]	2.3725105612552806
