assembly_id	contig_id	ref_id	ospC_type	query_length	ref_length	overall_percent_identity	query_covered_length	ref_covered_length	covered_intervals	query_intervals	subject_hit_coords	query_coverage_percent
GCA_030445025.1_ASM3044502v1_genomic	CP124101.1 Borreliella burgdorferi strain NE_5248 plasmid cp26, complete sequence	EF537407.1	V	26504	576	100.0	575	575	[(1, 576)]	[(16958, 17533)]	[(1, 576)]	2.169483851494114
GCA_030445025.1_ASM3044502v1_genomic	CP124101.1 Borreliella burgdorferi strain NE_5248 plasmid cp26, complete sequence	L25413.1	D	26504	1150	86.33540372670807	945	946	[(1, 947)]	[(16724, 17669)]	[(1, 947)]	3.5654995472381525
GCA_030445025.1_ASM3044502v1_genomic	CP124101.1 Borreliella burgdorferi strain NE_5248 plasmid cp26, complete sequence	U04240.1	E	26504	929	86.04651162790698	931	928	[(1, 929)]	[(16629, 17560)]	[(1, 929)]	3.5126773317235136
GCA_030445025.1_ASM3044502v1_genomic	CP124101.1 Borreliella burgdorferi strain NE_5248 plasmid cp26, complete sequence	U01892.1	M	26504	824	85.64476885644768	811	817	[(7, 824)]	[(16725, 17536)]	[(7, 824)]	3.0599154844551766
GCA_030445025.1_ASM3044502v1_genomic	CP124101.1 Borreliella burgdorferi strain NE_5248 plasmid cp26, complete sequence	EF537398.1	Q	26504	627	87.55905511811024	629	626	[(1, 627)]	[(16904, 17533)]	[(1, 627)]	2.373226682764866
