assembly_id	contig_id	ref_id	ospC_type	query_length	ref_length	overall_percent_identity	query_covered_length	ref_covered_length	covered_intervals	query_intervals	subject_hit_coords	query_coverage_percent
GCA_032595535.1_ASM3259553v1_genomic	CP132430.1 Borreliella burgdorferi strain SCW_9 plasmid cp26	X81524.1	L	25699	633	99.68404423380727	632	632	[(1, 633)]	[(16908, 17540)]	[(1, 633)]	2.4592396591307053
GCA_032595535.1_ASM3259553v1_genomic	CP132430.1 Borreliella burgdorferi strain SCW_9 plasmid cp26	L25413.1	D	25699	1150	84.3585237258348	1118	1105	[(1, 1106)]	[(16728, 17846)]	[(1, 1106)]	4.35036382738628
GCA_032595535.1_ASM3259553v1_genomic	CP132430.1 Borreliella burgdorferi strain SCW_9 plasmid cp26	U04240.1	E	25699	929	85.00539374325781	916	913	[(1, 914)]	[(16634, 17550)]	[(1, 914)]	3.564341024942605
GCA_032595535.1_ASM3259553v1_genomic	CP132430.1 Borreliella burgdorferi strain SCW_9 plasmid cp26	U01892.1	M	25699	824	83.65617433414043	811	817	[(7, 824)]	[(16729, 17540)]	[(7, 824)]	3.1557648157515854
GCA_032595535.1_ASM3259553v1_genomic	CP132430.1 Borreliella burgdorferi strain SCW_9 plasmid cp26	U04281.1	I	25699	692	85.36585365853658	693	688	[(1, 689)]	[(16874, 17567)]	[(1, 689)]	2.6966029806607263
