assembly_id	contig_id	ref_id	ospC_type	query_length	ref_length	overall_percent_identity	query_covered_length	ref_covered_length	covered_intervals	query_intervals	subject_hit_coords	query_coverage_percent
GCA_030439665.1_ASM3043966v1_genomic	CP124105.1 Borreliella burgdorferi strain 80a plasmid cp26, complete sequence	L25413.1	D	26506	1150	84.74434199497067	1171	1149	[(1, 1150)]	[(16709, 17880)]	[(1, 1150)]	4.417867652606957
GCA_030439665.1_ASM3043966v1_genomic	CP124105.1 Borreliella burgdorferi strain 80a plasmid cp26, complete sequence	L42897.1	N	26506	579	100.0	578	578	[(1, 579)]	[(16942, 17520)]	[(1, 579)]	2.18063834603486
GCA_030439665.1_ASM3043966v1_genomic	CP124105.1 Borreliella burgdorferi strain 80a plasmid cp26, complete sequence	DQ437470.1	N	26506	579	100.0	578	578	[(1, 579)]	[(16918, 17496)]	[(1, 579)]	2.18063834603486
GCA_030439665.1_ASM3043966v1_genomic	CP124105.1 Borreliella burgdorferi strain 80a plasmid cp26, complete sequence	U04240.1	E	26506	929	86.51804670912952	933	928	[(1, 929)]	[(16615, 17548)]	[(1, 929)]	3.519957745416132
GCA_030439665.1_ASM3043966v1_genomic	CP124105.1 Borreliella burgdorferi strain 80a plasmid cp26, complete sequence	U01892.1	M	26506	824	84.91484184914842	813	817	[(7, 824)]	[(16710, 17523)]	[(7, 824)]	3.0672300611182375
