assembly_id	contig_id	ref_id	ospC_type	query_length	ref_length	overall_percent_identity	query_covered_length	ref_covered_length	covered_intervals	query_intervals	subject_hit_coords	query_coverage_percent
GCA_019134655.1_ASM1913465v1_genomic	CP077728.1 Borreliella burgdorferi strain B-17/2013 plasmid pGr-39_cp26, complete sequence	X81524.1	L	26516	633	99.68404423380727	632	632	[(1, 633)]	[(16909, 17541)]	[(1, 633)]	2.3834665862120983
GCA_019134655.1_ASM1913465v1_genomic	CP077728.1 Borreliella burgdorferi strain B-17/2013 plasmid pGr-39_cp26, complete sequence	L25413.1	D	26516	1150	84.66722830665543	1166	1149	[(1, 1150)]	[(16729, 17895)]	[(1, 1150)]	4.397344999245738
GCA_019134655.1_ASM1913465v1_genomic	CP077728.1 Borreliella burgdorferi strain B-17/2013 plasmid pGr-39_cp26, complete sequence	U04240.1	E	26516	929	85.00539374325781	916	913	[(1, 914)]	[(16635, 17551)]	[(1, 914)]	3.454518026851712
GCA_019134655.1_ASM1913465v1_genomic	CP077728.1 Borreliella burgdorferi strain B-17/2013 plasmid pGr-39_cp26, complete sequence	U01892.1	M	26516	824	83.65617433414043	811	817	[(7, 824)]	[(16730, 17541)]	[(7, 824)]	3.058530698446221
GCA_019134655.1_ASM1913465v1_genomic	CP077728.1 Borreliella burgdorferi strain B-17/2013 plasmid pGr-39_cp26, complete sequence	U04281.1	I	26516	692	85.36585365853658	693	688	[(1, 689)]	[(16875, 17568)]	[(1, 689)]	2.6135163674762407
