assembly_id	contig_id	ref_id	ospC_type	query_length	ref_length	overall_percent_identity	query_covered_length	ref_covered_length	covered_intervals	query_intervals	subject_hit_coords	query_coverage_percent
GCA_032595515.1_ASM3259551v1_genomic	CP132426.1 Borreliella burgdorferi strain Bol29 plasmid cp26, complete sequence	EF537407.1	V	26523	576	100.0	575	575	[(1, 576)]	[(16977, 17552)]	[(1, 576)]	2.167929721373902
GCA_032595515.1_ASM3259551v1_genomic	CP132426.1 Borreliella burgdorferi strain Bol29 plasmid cp26, complete sequence	L25413.1	D	26523	1150	86.33540372670807	945	946	[(1, 947)]	[(16743, 17688)]	[(1, 947)]	3.5629453681710213
GCA_032595515.1_ASM3259551v1_genomic	CP132426.1 Borreliella burgdorferi strain Bol29 plasmid cp26, complete sequence	U04240.1	E	26523	929	86.04651162790698	931	928	[(1, 929)]	[(16648, 17579)]	[(1, 929)]	3.510160992346265
GCA_032595515.1_ASM3259551v1_genomic	CP132426.1 Borreliella burgdorferi strain Bol29 plasmid cp26, complete sequence	U01892.1	M	26523	824	85.64476885644768	811	817	[(7, 824)]	[(16744, 17555)]	[(7, 824)]	3.0577234852769295
GCA_032595515.1_ASM3259551v1_genomic	CP132426.1 Borreliella burgdorferi strain Bol29 plasmid cp26, complete sequence	EF537398.1	Q	26523	627	87.55905511811024	629	626	[(1, 627)]	[(16923, 17552)]	[(1, 627)]	2.371526599555103
