assembly_id	contig_id	ref_id	ospC_type	query_length	ref_length	overall_percent_identity	query_covered_length	ref_covered_length	covered_intervals	query_intervals	subject_hit_coords	query_coverage_percent
GCA_024662155.1_ASM2466215v1_genomic	CP094562.1 Borreliella burgdorferi strain B408 plasmid p26, complete sequence	L25413.1	D	26507	1150	87.39352640545145	1157	1138	[(1, 1139)]	[(16708, 17865)]	[(1, 1139)]	4.364884747425209
GCA_024662155.1_ASM2466215v1_genomic	CP094562.1 Borreliella burgdorferi strain B408 plasmid p26, complete sequence	U04281.1	I	26507	692	100.0	691	691	[(1, 692)]	[(16853, 17544)]	[(1, 692)]	2.6068585656619008
GCA_024662155.1_ASM2466215v1_genomic	CP094562.1 Borreliella burgdorferi strain B408 plasmid p26, complete sequence	U04240.1	E	26507	929	87.15498938428875	931	928	[(1, 929)]	[(16613, 17544)]	[(1, 929)]	3.512279775153733
GCA_024662155.1_ASM2466215v1_genomic	CP094562.1 Borreliella burgdorferi strain B408 plasmid p26, complete sequence	U01892.1	M	26507	824	86.00973236009733	810	817	[(7, 824)]	[(16709, 17519)]	[(7, 824)]	3.055796582034934
GCA_024662155.1_ASM2466215v1_genomic	CP094562.1 Borreliella burgdorferi strain B408 plasmid p26, complete sequence	DQ437462.1	C	26507	630	89.84126984126985	629	629	[(1, 630)]	[(16887, 17516)]	[(1, 630)]	2.372958086543177
