assembly_id	contig_id	ref_id	ospC_type	query_length	ref_length	overall_percent_identity	query_covered_length	ref_covered_length	covered_intervals	query_intervals	subject_hit_coords	query_coverage_percent
GCA_030440345.1_ASM3044034v1_genomic	CP124077.1 Borreliella burgdorferi strain Sh-2-82 plasmid cp26, complete sequence	L25413.1	D	26514	1150	86.34020618556701	1150	1138	[(1, 1139)]	[(16723, 17873)]	[(1, 1139)]	4.337331221241608
GCA_030440345.1_ASM3044034v1_genomic	CP124077.1 Borreliella burgdorferi strain Sh-2-82 plasmid cp26, complete sequence	U04240.1	E	26514	929	88.67521367521367	930	925	[(1, 926)]	[(16629, 17559)]	[(1, 926)]	3.507580900656257
GCA_030440345.1_ASM3044034v1_genomic	CP124077.1 Borreliella burgdorferi strain Sh-2-82 plasmid cp26, complete sequence	AF029871.1	K	26514	583	100.0	582	582	[(1, 583)]	[(16931, 17513)]	[(1, 583)]	2.1950667571848834
GCA_030440345.1_ASM3044034v1_genomic	CP124077.1 Borreliella burgdorferi strain Sh-2-82 plasmid cp26, complete sequence	L42895.1	K	26514	579	100.0	578	578	[(1, 579)]	[(16956, 17534)]	[(1, 579)]	2.1799803877196955
GCA_030440345.1_ASM3044034v1_genomic	CP124077.1 Borreliella burgdorferi strain Sh-2-82 plasmid cp26, complete sequence	U01892.1	M	26514	824	86.89320388349515	813	817	[(7, 824)]	[(16724, 17537)]	[(7, 824)]	3.066304593799502
