assembly_id	contig_id	ref_id	ospC_type	query_length	ref_length	overall_percent_identity	query_covered_length	ref_covered_length	covered_intervals	query_intervals	subject_hit_coords	query_coverage_percent
GCA_040790735.1_ASM4079073v1_genomic	CP161067.1 Borreliella burgdorferi strain Bb16-183 plasmid cp26, complete sequence	L25413.1	D	26522	1150	85.56962025316456	1170	1149	[(1, 1150)]	[(16726, 17896)]	[(1, 1150)]	4.411432018701456
GCA_040790735.1_ASM4079073v1_genomic	CP161067.1 Borreliella burgdorferi strain Bb16-183 plasmid cp26, complete sequence	U04240.1	E	26522	929	87.12765957446808	931	928	[(1, 929)]	[(16632, 17563)]	[(1, 929)]	3.51029334137697
GCA_040790735.1_ASM4079073v1_genomic	CP161067.1 Borreliella burgdorferi strain Bb16-183 plasmid cp26, complete sequence	AF029868.1	H	26522	551	100.0	550	550	[(1, 551)]	[(16935, 17485)]	[(1, 551)]	2.073750094261368
GCA_040790735.1_ASM4079073v1_genomic	CP161067.1 Borreliella burgdorferi strain Bb16-183 plasmid cp26, complete sequence	EF537400.1	H	26522	552	99.45652173913044	551	551	[(1, 552)]	[(16957, 17508)]	[(1, 552)]	2.0775205489782067
GCA_040790735.1_ASM4079073v1_genomic	CP161067.1 Borreliella burgdorferi strain Bb16-183 plasmid cp26, complete sequence	GQ478286.1	H	26522	528	99.81060606060606	527	527	[(1, 528)]	[(16996, 17523)]	[(1, 528)]	1.9870296357740742
