assembly_id	contig_id	ref_id	ospC_type	query_length	ref_length	overall_percent_identity	query_covered_length	ref_covered_length	covered_intervals	query_intervals	subject_hit_coords	query_coverage_percent
GCA_032595375.1_ASM3259537v1_genomic	CP132424.1 Borreliella burgdorferi strain Fr93 plasmid cp26, complete sequence	L25413.1	D	26505	1150	87.67908309455588	1028	1035	[(1, 1036)]	[(16725, 17753)]	[(1, 1036)]	3.878513488021128
GCA_032595375.1_ASM3259537v1_genomic	CP132424.1 Borreliella burgdorferi strain Fr93 plasmid cp26, complete sequence	EF537398.1	Q	26505	627	100.0	626	626	[(1, 627)]	[(16905, 17531)]	[(1, 627)]	2.3618185248066403
GCA_032595375.1_ASM3259537v1_genomic	CP132424.1 Borreliella burgdorferi strain Fr93 plasmid cp26, complete sequence	U04240.1	E	26505	929	85.9275053304904	929	928	[(1, 929)]	[(16630, 17559)]	[(1, 929)]	3.5049990567817395
GCA_032595375.1_ASM3259537v1_genomic	CP132424.1 Borreliella burgdorferi strain Fr93 plasmid cp26, complete sequence	U01892.1	M	26505	824	85.33333333333334	808	817	[(7, 824)]	[(16726, 17534)]	[(7, 824)]	3.048481418600264
GCA_032595375.1_ASM3259537v1_genomic	CP132424.1 Borreliella burgdorferi strain Fr93 plasmid cp26, complete sequence	U04281.1	I	26505	692	87.59018759018758	688	691	[(1, 692)]	[(16871, 17559)]	[(1, 692)]	2.595736653461611
