assembly_id	contig_id	ref_id	ospC_type	query_length	ref_length	overall_percent_identity	query_covered_length	ref_covered_length	covered_intervals	query_intervals	subject_hit_coords	query_coverage_percent
GCA_030445005.1_ASM3044500v1_genomic	CP124097.1 Borreliella burgdorferi strain NE_5261 plasmid cp26, complete sequence	U01894.1	A	26454	980	85.77194752774975	979	968	[(12, 980)]	[(16550, 17529)]	[(12, 980)]	3.7007635896272775
GCA_030445005.1_ASM3044500v1_genomic	CP124097.1 Borreliella burgdorferi strain NE_5261 plasmid cp26, complete sequence	U91800.1	R	26454	539	100.0	538	538	[(1, 539)]	[(16925, 17463)]	[(1, 539)]	2.0337189082936415
GCA_030445005.1_ASM3044500v1_genomic	CP124097.1 Borreliella burgdorferi strain NE_5261 plasmid cp26, complete sequence	U91791.1	R	26454	530	100.0	529	529	[(1, 530)]	[(16903, 17432)]	[(1, 530)]	1.9996975882664247
GCA_030445005.1_ASM3044500v1_genomic	CP124097.1 Borreliella burgdorferi strain NE_5261 plasmid cp26, complete sequence	L25413.1	D	26454	1150	85.84795321637428	841	838	[(109, 947)]	[(16778, 17619)]	[(109, 947)]	3.1791033492099494
GCA_030445005.1_ASM3044500v1_genomic	CP124097.1 Borreliella burgdorferi strain NE_5261 plasmid cp26, complete sequence	U01892.1	M	26454	824	85.85434173669468	710	710	[(114, 824)]	[(16778, 17488)]	[(114, 824)]	2.6839041354804567
