assembly_id	contig_id	ref_id	ospC_type	query_length	ref_length	overall_percent_identity	query_covered_length	ref_covered_length	covered_intervals	query_intervals	subject_hit_coords	query_coverage_percent
GCF_000171735.2_ASM17173v2_genomic	NC_012261.1 Borreliella burgdorferi 118a plasmid 118a_cp26, complete sequence	L25413.1	D	26526	1150	87.04974271012007	1156	1138	[(1, 1139)]	[(16730, 17886)]	[(1, 1139)]	4.35798838875066
GCF_000171735.2_ASM17173v2_genomic	NC_012261.1 Borreliella burgdorferi 118a plasmid 118a_cp26, complete sequence	CP001535.1	J	26526	636	100.0	635	635	[(1, 636)]	[(16910, 17545)]	[(1, 636)]	2.3938777048933124
GCF_000171735.2_ASM17173v2_genomic	NC_012261.1 Borreliella burgdorferi 118a plasmid 118a_cp26, complete sequence	U04240.1	E	26526	929	87.15498938428875	934	928	[(1, 929)]	[(16636, 17570)]	[(1, 929)]	3.5210736635753603
GCF_000171735.2_ASM17173v2_genomic	NC_012261.1 Borreliella burgdorferi 118a plasmid 118a_cp26, complete sequence	U04282.1	B_bissettii25015	26526	962	85.9504132231405	934	961	[(1, 962)]	[(16636, 17570)]	[(1, 962)]	3.5210736635753603
GCF_000171735.2_ASM17173v2_genomic	NC_012261.1 Borreliella burgdorferi 118a plasmid 118a_cp26, complete sequence	U01894.1	A	26526	980	86.70212765957447	749	746	[(234, 980)]	[(16838, 17587)]	[(234, 980)]	2.823644725929277
