assembly_id	contig_id	ref_id	ospC_type	query_length	ref_length	overall_percent_identity	query_covered_length	ref_covered_length	covered_intervals	query_intervals	subject_hit_coords	query_coverage_percent
GCF_000181555.2_ASM18155v2_genomic	NC_011853.1 Borreliella burgdorferi 156a plasmid 156a_cp26, complete sequence	L25413.1	D	26522	1150	84.73861720067454	1170	1149	[(1, 1150)]	[(16725, 17895)]	[(1, 1150)]	4.411432018701456
GCF_000181555.2_ASM18155v2_genomic	NC_011853.1 Borreliella burgdorferi 156a plasmid 156a_cp26, complete sequence	EF537400.1	H	26522	552	100.0	551	551	[(1, 552)]	[(16955, 17506)]	[(1, 552)]	2.0775205489782067
GCF_000181555.2_ASM18155v2_genomic	NC_011853.1 Borreliella burgdorferi 156a plasmid 156a_cp26, complete sequence	U04240.1	E	26522	929	86.38297872340426	930	928	[(1, 929)]	[(16631, 17561)]	[(1, 929)]	3.5065228866601315
GCF_000181555.2_ASM18155v2_genomic	NC_011853.1 Borreliella burgdorferi 156a plasmid 156a_cp26, complete sequence	AF029868.1	H	26522	551	99.45553539019963	550	550	[(1, 551)]	[(16933, 17483)]	[(1, 551)]	2.073750094261368
GCF_000181555.2_ASM18155v2_genomic	NC_011853.1 Borreliella burgdorferi 156a plasmid 156a_cp26, complete sequence	GQ478286.1	H	26522	528	100.0	527	527	[(1, 528)]	[(16994, 17521)]	[(1, 528)]	1.9870296357740742
