assembly_id	contig_id	ref_id	ospC_type	query_length	ref_length	overall_percent_identity	query_covered_length	ref_covered_length	covered_intervals	query_intervals	subject_hit_coords	query_coverage_percent
GCF_000181715.2_ASM18171v2_genomic	NC_012263.1 Borreliella burgdorferi 94a plasmid 94a_cp26, complete sequence	L25413.1	D	26507	1150	87.4567474048443	1138	1138	[(1, 1139)]	[(16728, 17866)]	[(1, 1139)]	4.293205568340438
GCF_000181715.2_ASM18171v2_genomic	NC_012263.1 Borreliella burgdorferi 94a plasmid 94a_cp26, complete sequence	DQ437467.1	U	26507	600	99.66722129783693	599	599	[(1, 600)]	[(16938, 17537)]	[(1, 600)]	2.2597804353566984
GCF_000181715.2_ASM18171v2_genomic	NC_012263.1 Borreliella burgdorferi 94a plasmid 94a_cp26, complete sequence	U04240.1	E	26507	929	86.12593383137673	925	913	[(1, 914)]	[(16634, 17559)]	[(1, 914)]	3.489644244916437
GCF_000181715.2_ASM18171v2_genomic	NC_012263.1 Borreliella burgdorferi 94a plasmid 94a_cp26, complete sequence	U04282.1	B_bissettii25015	26507	962	84.54356846473028	925	946	[(1, 947)]	[(16634, 17559)]	[(1, 947)]	3.489644244916437
GCF_000181715.2_ASM18171v2_genomic	NC_012263.1 Borreliella burgdorferi 94a plasmid 94a_cp26, complete sequence	U01892.1	M	26507	824	85.31889290012033	820	817	[(7, 824)]	[(16729, 17549)]	[(7, 824)]	3.0935224657637606
