assembly_id	contig_id	ref_id	ospC_type	query_length	ref_length	overall_percent_identity	query_covered_length	ref_covered_length	covered_intervals	query_intervals	subject_hit_coords	query_coverage_percent
GCF_040790715.1_ASM4079071v1_genomic	NZ_CP161154.1 Borreliella burgdorferi strain GMT-0122 plasmid cp26, complete sequence	L25413.1	D	26519	1150	85.31645569620252	1166	1149	[(1, 1150)]	[(16727, 17893)]	[(1, 1150)]	4.396847543270862
GCF_040790715.1_ASM4079071v1_genomic	NZ_CP161154.1 Borreliella burgdorferi strain GMT-0122 plasmid cp26, complete sequence	X81524.1	L	26519	633	99.21011058451816	632	632	[(1, 633)]	[(16907, 17539)]	[(1, 633)]	2.3831969531279458
GCF_040790715.1_ASM4079071v1_genomic	NZ_CP161154.1 Borreliella burgdorferi strain GMT-0122 plasmid cp26, complete sequence	U04240.1	E	26519	929	84.6236559139785	917	913	[(1, 914)]	[(16632, 17549)]	[(1, 914)]	3.457898110788491
GCF_040790715.1_ASM4079071v1_genomic	NZ_CP161154.1 Borreliella burgdorferi strain GMT-0122 plasmid cp26, complete sequence	U01892.1	M	26519	824	83.21256038647343	811	817	[(7, 824)]	[(16728, 17539)]	[(7, 824)]	3.0581846977638674
GCF_040790715.1_ASM4079071v1_genomic	NZ_CP161154.1 Borreliella burgdorferi strain GMT-0122 plasmid cp26, complete sequence	U04281.1	I	26519	692	85.79626972740316	693	688	[(1, 689)]	[(16873, 17566)]	[(1, 689)]	2.6132207096798523
