assembly_id	contig_id	ref_id	ospC_type	query_length	ref_length	overall_percent_identity	query_covered_length	ref_covered_length	covered_intervals	query_intervals	subject_hit_coords	query_coverage_percent
GCF_024662175.1_ASM2466217v1_genomic	NZ_CP094580.1 Borreliella burgdorferi strain B379 plasmid p26, complete sequence	L25413.1	D	26515	1150	86.34020618556701	1150	1138	[(1, 1139)]	[(16724, 17874)]	[(1, 1139)]	4.337167640957949
GCF_024662175.1_ASM2466217v1_genomic	NZ_CP094580.1 Borreliella burgdorferi strain B379 plasmid p26, complete sequence	U04240.1	E	26515	929	88.67521367521367	930	925	[(1, 926)]	[(16630, 17560)]	[(1, 926)]	3.50744861399208
GCF_024662175.1_ASM2466217v1_genomic	NZ_CP094580.1 Borreliella burgdorferi strain B379 plasmid p26, complete sequence	AF029871.1	K	26515	583	100.0	582	582	[(1, 583)]	[(16932, 17514)]	[(1, 583)]	2.194983971336979
GCF_024662175.1_ASM2466217v1_genomic	NZ_CP094580.1 Borreliella burgdorferi strain B379 plasmid p26, complete sequence	L42895.1	K	26515	579	100.0	578	578	[(1, 579)]	[(16957, 17535)]	[(1, 579)]	2.1798981708466907
GCF_024662175.1_ASM2466217v1_genomic	NZ_CP094580.1 Borreliella burgdorferi strain B379 plasmid p26, complete sequence	U01892.1	M	26515	824	86.89320388349515	813	817	[(7, 824)]	[(16725, 17538)]	[(7, 824)]	3.0661889496511407
