assembly_id	contig_id	ref_id	ospC_type	query_length	ref_length	overall_percent_identity	query_covered_length	ref_covered_length	covered_intervals	query_intervals	subject_hit_coords	query_coverage_percent
GCF_000166655.1_ASM16665v1_genomic	NC_017395.1 Borreliella burgdorferi JD1 plasmid JD1 cp26, complete sequence	L25413.1	D	26525	1150	85.78680203045685	1170	1149	[(1, 1150)]	[(16729, 17899)]	[(1, 1150)]	4.410933081998115
GCF_000166655.1_ASM16665v1_genomic	NC_017395.1 Borreliella burgdorferi JD1 plasmid JD1 cp26, complete sequence	DQ437462.1	C	26525	630	100.0	629	629	[(1, 630)]	[(16909, 17538)]	[(1, 630)]	2.3713477851083886
GCF_000166655.1_ASM16665v1_genomic	NC_017395.1 Borreliella burgdorferi JD1 plasmid JD1 cp26, complete sequence	U04240.1	E	26525	929	88.20403825717322	931	928	[(1, 929)]	[(16635, 17566)]	[(1, 929)]	3.5098963242224315
GCF_000166655.1_ASM16665v1_genomic	NC_017395.1 Borreliella burgdorferi JD1 plasmid JD1 cp26, complete sequence	U04281.1	I	26525	692	90.60693641618496	691	691	[(1, 692)]	[(16875, 17566)]	[(1, 692)]	2.605089538171536
GCF_000166655.1_ASM16665v1_genomic	NC_017395.1 Borreliella burgdorferi JD1 plasmid JD1 cp26, complete sequence	U01892.1	M	26525	824	86.11449451887941	811	817	[(7, 824)]	[(16730, 17541)]	[(7, 824)]	3.057492931196984
