assembly_id	contig_id	ref_id	ospC_type	query_length	ref_length	overall_percent_identity	query_covered_length	ref_covered_length	covered_intervals	query_intervals	subject_hit_coords	query_coverage_percent
GCF_000181855.2_ASM18185v2_genomic	NC_012151.1 Borreliella burgdorferi WI91-23 plasmid WI91-23_cp26, complete sequence	L25413.1	D	26506	1150	87.39352640545145	1157	1138	[(1, 1139)]	[(16707, 17864)]	[(1, 1139)]	4.365049422772203
GCF_000181855.2_ASM18185v2_genomic	NC_012151.1 Borreliella burgdorferi WI91-23 plasmid WI91-23_cp26, complete sequence	U04281.1	I	26506	692	100.0	691	691	[(1, 692)]	[(16852, 17543)]	[(1, 692)]	2.6069569154153776
GCF_000181855.2_ASM18185v2_genomic	NC_012151.1 Borreliella burgdorferi WI91-23 plasmid WI91-23_cp26, complete sequence	U04240.1	E	26506	929	87.15498938428875	931	928	[(1, 929)]	[(16612, 17543)]	[(1, 929)]	3.5124122840111673
GCF_000181855.2_ASM18185v2_genomic	NC_012151.1 Borreliella burgdorferi WI91-23 plasmid WI91-23_cp26, complete sequence	U01892.1	M	26506	824	86.00973236009733	810	817	[(7, 824)]	[(16708, 17518)]	[(7, 824)]	3.05591186901079
GCF_000181855.2_ASM18185v2_genomic	NC_012151.1 Borreliella burgdorferi WI91-23 plasmid WI91-23_cp26, complete sequence	DQ437462.1	C	26506	630	89.84126984126985	629	629	[(1, 630)]	[(16886, 17515)]	[(1, 630)]	2.373047611861465
