assembly_id	contig_id	ref_id	ospC_type	query_length	ref_length	overall_percent_identity	query_covered_length	ref_covered_length	covered_intervals	query_intervals	subject_hit_coords	query_coverage_percent
GCF_000172315.2_ASM17231v2_genomic	NC_012157.1 Borreliella burgdorferi CA-11.2A plasmid CA-11.2A_cp26, complete sequence	L25413.1	D	26511	1150	99.56709956709958	1154	1149	[(1, 1150)]	[(16731, 17885)]	[(1, 1150)]	4.352910112783373
GCF_000172315.2_ASM17231v2_genomic	NC_012157.1 Borreliella burgdorferi CA-11.2A plasmid CA-11.2A_cp26, complete sequence	U04240.1	E	26511	929	87.48674443266172	935	928	[(1, 929)]	[(16636, 17571)]	[(1, 929)]	3.526837916336615
GCF_000172315.2_ASM17231v2_genomic	NC_012157.1 Borreliella burgdorferi CA-11.2A plasmid CA-11.2A_cp26, complete sequence	U01894.1	A	26511	980	88.82978723404256	749	746	[(234, 980)]	[(16839, 17588)]	[(234, 980)]	2.8252423522311494
GCF_000172315.2_ASM17231v2_genomic	NC_012157.1 Borreliella burgdorferi CA-11.2A plasmid CA-11.2A_cp26, complete sequence	U04282.1	B_bissettii25015	26511	962	83.98760330578511	935	961	[(1, 962)]	[(16636, 17571)]	[(1, 962)]	3.526837916336615
GCF_000172315.2_ASM17231v2_genomic	NC_012157.1 Borreliella burgdorferi CA-11.2A plasmid CA-11.2A_cp26, complete sequence	U01892.1	M	26511	824	85.35108958837773	814	817	[(7, 824)]	[(16732, 17546)]	[(7, 824)]	3.070423597751877
