assembly_id	contig_id	ref_id	ospC_type	query_length	ref_length	overall_percent_identity	query_covered_length	ref_covered_length	covered_intervals	query_intervals	subject_hit_coords	query_coverage_percent
GCF_000021405.1_ASM2140v1_genomic	NC_011724.1 Borreliella burgdorferi ZS7 plasmid ZS7_cp26, complete sequence	L25413.1	D	26514	1150	87.32876712328768	1148	1138	[(1, 1139)]	[(16725, 17873)]	[(1, 1139)]	4.329788036509014
GCF_000021405.1_ASM2140v1_genomic	NC_011724.1 Borreliella burgdorferi ZS7 plasmid ZS7_cp26, complete sequence	NC_011724.1	B	26514	636	100.0	635	635	[(1, 636)]	[(16905, 17540)]	[(1, 636)]	2.394961152598627
GCF_000021405.1_ASM2140v1_genomic	NC_011724.1 Borreliella burgdorferi ZS7 plasmid ZS7_cp26, complete sequence	U04240.1	E	26514	929	85.62367864693447	935	928	[(1, 929)]	[(16630, 17565)]	[(1, 929)]	3.5264388624877423
GCF_000021405.1_ASM2140v1_genomic	NC_011724.1 Borreliella burgdorferi ZS7 plasmid ZS7_cp26, complete sequence	U01894.1	A	26514	980	87.91064388961892	754	750	[(230, 980)]	[(16828, 17582)]	[(230, 980)]	2.843780644187976
GCF_000021405.1_ASM2140v1_genomic	NC_011724.1 Borreliella burgdorferi ZS7 plasmid ZS7_cp26, complete sequence	EF537414.1	W	26514	579	91.72413793103448	578	578	[(1, 579)]	[(16959, 17537)]	[(1, 579)]	2.1799803877196955
