assembly_id	contig_id	ref_id	ospC_type	query_length	ref_length	overall_percent_identity	query_covered_length	ref_covered_length	covered_intervals	query_intervals	subject_hit_coords	query_coverage_percent
GCF_040790765.1_ASM4079076v1_genomic	NZ_CP161119.1 Borreliella burgdorferi strain Bb16-23-2 plasmid cp26, complete sequence	L25413.1	D	26528	1150	85.18828451882845	1174	1149	[(1, 1150)]	[(16727, 17901)]	[(1, 1150)]	4.425512665862485
GCF_040790765.1_ASM4079076v1_genomic	NZ_CP161119.1 Borreliella burgdorferi strain Bb16-23-2 plasmid cp26, complete sequence	U04240.1	E	26528	929	87.96992481203007	924	913	[(1, 914)]	[(16633, 17557)]	[(1, 914)]	3.483112183353438
GCF_040790765.1_ASM4079076v1_genomic	NZ_CP161119.1 Borreliella burgdorferi strain Bb16-23-2 plasmid cp26, complete sequence	AY275222.1	T	26528	573	99.82547993019197	572	572	[(1, 573)]	[(16960, 17532)]	[(1, 573)]	2.1562123039806997
GCF_040790765.1_ASM4079076v1_genomic	NZ_CP161119.1 Borreliella burgdorferi strain Bb16-23-2 plasmid cp26, complete sequence	U01892.1	M	26528	824	87.75757575757575	819	817	[(7, 824)]	[(16728, 17547)]	[(7, 824)]	3.0873039806996383
GCF_040790765.1_ASM4079076v1_genomic	NZ_CP161119.1 Borreliella burgdorferi strain Bb16-23-2 plasmid cp26, complete sequence	U04282.1	B_bissettii25015	26528	962	82.17922606924644	941	958	[(1, 959)]	[(16633, 17574)]	[(1, 959)]	3.547195416164053
