assembly_id	contig_id	ref_id	ospC_type	query_length	ref_length	overall_percent_identity	query_covered_length	ref_covered_length	covered_intervals	query_intervals	subject_hit_coords	query_coverage_percent
UCT30H	contig_11 [gcode=11] [topology=linear]	L25413.1	D	26514	1150	86.34020618556701	1150	1138	[(1, 1139)]	[(16851, 18001)]	[(1, 1139)]	4.337331221241608
UCT30H	contig_11 [gcode=11] [topology=linear]	U04240.1	E	26514	929	88.67521367521367	930	925	[(1, 926)]	[(16757, 17687)]	[(1, 926)]	3.507580900656257
UCT30H	contig_11 [gcode=11] [topology=linear]	AF029871.1	K	26514	583	100.0	582	582	[(1, 583)]	[(17059, 17641)]	[(1, 583)]	2.1950667571848834
UCT30H	contig_11 [gcode=11] [topology=linear]	L42895.1	K	26514	579	100.0	578	578	[(1, 579)]	[(17084, 17662)]	[(1, 579)]	2.1799803877196955
UCT30H	contig_11 [gcode=11] [topology=linear]	U01892.1	M	26514	824	86.89320388349515	813	817	[(7, 824)]	[(16852, 17665)]	[(7, 824)]	3.066304593799502
