assembly_id	contig_id	ref_id	ospC_type	query_length	ref_length	overall_percent_identity	query_covered_length	ref_covered_length	covered_intervals	query_intervals	subject_hit_coords	query_coverage_percent
UCT35H	contig_9 [gcode=11] [topology=linear]	L25413.1	D	26522	1150	85.11354079058032	1166	1149	[(1, 1150)]	[(19988, 21154)]	[(1, 1150)]	4.3963501998341
UCT35H	contig_9 [gcode=11] [topology=linear]	DQ437456.1	G	26522	570	100.0	569	569	[(1, 570)]	[(20198, 20767)]	[(1, 570)]	2.145388733881306
UCT35H	contig_9 [gcode=11] [topology=linear]	AY275223.1	G	26522	564	100.0	563	563	[(1, 564)]	[(20222, 20785)]	[(1, 564)]	2.122766005580273
UCT35H	contig_9 [gcode=11] [topology=linear]	U04240.1	E	26522	929	86.96120689655173	917	913	[(1, 914)]	[(19893, 20810)]	[(1, 914)]	3.4575069753412264
UCT35H	contig_9 [gcode=11] [topology=linear]	U01892.1	M	26522	824	84.6341463414634	811	817	[(7, 824)]	[(19989, 20800)]	[(7, 824)]	3.057838775356308
