assembly_id	contig_id	ref_id	ospC_type	query_length	ref_length	overall_percent_identity	query_covered_length	ref_covered_length	covered_intervals	query_intervals	subject_hit_coords	query_coverage_percent
UNY1085P	contig_2 [gcode=11] [topology=linear]	U01892.1	M	26316	824	99.38875305623472	817	817	[(7, 824)]	[(6995, 7812)]	[(7, 824)]	3.104575163398693
UNY1085P	contig_2 [gcode=11] [topology=linear]	L25413.1	D	26316	1150	85.01683501683502	1175	1149	[(1, 1150)]	[(6994, 8169)]	[(1, 1150)]	4.464964280285757
UNY1085P	contig_2 [gcode=11] [topology=linear]	U04240.1	E	26316	929	88.33693304535637	922	913	[(1, 914)]	[(6900, 7822)]	[(1, 914)]	3.503571971424228
UNY1085P	contig_2 [gcode=11] [topology=linear]	U04282.1	B_bissettii25015	26316	962	82.99180327868852	939	958	[(1, 959)]	[(6900, 7839)]	[(1, 959)]	3.5681714546283634
UNY1085P	contig_2 [gcode=11] [topology=linear]	U01894.1	A	26316	980	84.94208494208493	768	764	[(216, 980)]	[(7083, 7851)]	[(216, 980)]	2.918376652986776
