assembly_id	contig_id	ref_id	ospC_type	query_length	ref_length	overall_percent_identity	query_covered_length	ref_covered_length	covered_intervals	query_intervals	subject_hit_coords	query_coverage_percent
UNY1090P	contig_2 [gcode=11] [topology=linear]	L25413.1	D	26522	1150	85.56962025316456	1170	1149	[(1, 1150)]	[(10169, 11339)]	[(1150, 1)]	4.411432018701456
UNY1090P	contig_2 [gcode=11] [topology=linear]	U04240.1	E	26522	929	87.12765957446808	931	928	[(1, 929)]	[(10502, 11433)]	[(929, 1)]	3.51029334137697
UNY1090P	contig_2 [gcode=11] [topology=linear]	AF029868.1	H	26522	551	100.0	550	550	[(1, 551)]	[(10580, 11130)]	[(551, 1)]	2.073750094261368
UNY1090P	contig_2 [gcode=11] [topology=linear]	EF537400.1	H	26522	552	99.45652173913044	551	551	[(1, 552)]	[(10557, 11108)]	[(552, 1)]	2.0775205489782067
UNY1090P	contig_2 [gcode=11] [topology=linear]	GQ478286.1	H	26522	528	99.81060606060606	527	527	[(1, 528)]	[(10542, 11069)]	[(528, 1)]	1.9870296357740742
