assembly_id	contig_id	ref_id	ospC_type	query_length	ref_length	overall_percent_identity	query_covered_length	ref_covered_length	covered_intervals	query_intervals	subject_hit_coords	query_coverage_percent
UNY193P	contig_2 [gcode=11] [topology=linear]	L25413.1	D	26511	1150	99.48051948051948	1154	1149	[(1, 1150)]	[(21414, 22568)]	[(1150, 1)]	4.352910112783373
UNY193P	contig_2 [gcode=11] [topology=linear]	U04240.1	E	26511	929	87.36730360934183	935	928	[(1, 929)]	[(21728, 22663)]	[(929, 1)]	3.526837916336615
UNY193P	contig_2 [gcode=11] [topology=linear]	U01894.1	A	26511	980	88.9627659574468	749	746	[(234, 980)]	[(21711, 22460)]	[(980, 234)]	2.8252423522311494
UNY193P	contig_2 [gcode=11] [topology=linear]	U04282.1	B_bissettii25015	26511	962	84.0909090909091	935	961	[(1, 962)]	[(21728, 22663)]	[(962, 1)]	3.526837916336615
UNY193P	contig_2 [gcode=11] [topology=linear]	U01892.1	M	26511	824	85.23002421307507	814	817	[(7, 824)]	[(21753, 22567)]	[(824, 7)]	3.070423597751877
