assembly_id	contig_id	ref_id	ospC_type	query_length	ref_length	overall_percent_identity	query_covered_length	ref_covered_length	covered_intervals	query_intervals	subject_hit_coords	query_coverage_percent
UNY1128P	contig_11 [gcode=11] [topology=linear]	L25413.1	D	25158	1150	85.78680203045685	1170	1149	[(1, 1150)]	[(23038, 24208)]	[(1, 1150)]	4.650608156451228
UNY1128P	contig_11 [gcode=11] [topology=linear]	DQ437462.1	C	25158	630	100.0	629	629	[(1, 630)]	[(23218, 23847)]	[(1, 630)]	2.5001987439383098
UNY1128P	contig_11 [gcode=11] [topology=linear]	U04240.1	E	25158	929	88.20403825717322	931	928	[(1, 929)]	[(22944, 23875)]	[(1, 929)]	3.7006121313299944
UNY1128P	contig_11 [gcode=11] [topology=linear]	U04281.1	I	25158	692	90.60693641618496	691	691	[(1, 692)]	[(23184, 23875)]	[(1, 692)]	2.746641227442563
UNY1128P	contig_11 [gcode=11] [topology=linear]	U01892.1	M	25158	824	86.11449451887941	811	817	[(7, 824)]	[(23039, 23850)]	[(7, 824)]	3.2236266793862787
