assembly_id	contig_id	ref_id	ospC_type	query_length	ref_length	overall_percent_identity	query_covered_length	ref_covered_length	covered_intervals	query_intervals	subject_hit_coords	query_coverage_percent
UNY208P	contig_2 [gcode=11] [topology=linear]	L25413.1	D	26522	1150	85.56962025316456	1170	1149	[(1, 1150)]	[(7076, 8246)]	[(1, 1150)]	4.411432018701456
UNY208P	contig_2 [gcode=11] [topology=linear]	U04240.1	E	26522	929	87.12765957446808	931	928	[(1, 929)]	[(6982, 7913)]	[(1, 929)]	3.51029334137697
UNY208P	contig_2 [gcode=11] [topology=linear]	AF029868.1	H	26522	551	100.0	550	550	[(1, 551)]	[(7285, 7835)]	[(1, 551)]	2.073750094261368
UNY208P	contig_2 [gcode=11] [topology=linear]	EF537400.1	H	26522	552	99.45652173913044	551	551	[(1, 552)]	[(7307, 7858)]	[(1, 552)]	2.0775205489782067
UNY208P	contig_2 [gcode=11] [topology=linear]	GQ478286.1	H	26522	528	99.81060606060606	527	527	[(1, 528)]	[(7346, 7873)]	[(1, 528)]	1.9870296357740742
