assembly_id	contig_id	ref_id	ospC_type	query_length	ref_length	overall_percent_identity	query_covered_length	ref_covered_length	covered_intervals	query_intervals	subject_hit_coords	query_coverage_percent
URI112H	contig_9 [gcode=11] [topology=linear]	U04240.1	E	26514	929	88.53362734288865	901	896	[(1, 897)]	[(25613, 26514)]	[(1, 897)]	3.3982047220336424
URI112H	contig_9 [gcode=11] [topology=linear]	AF029871.1	K	26514	583	100.0	582	582	[(1, 583)]	[(25915, 26497)]	[(1, 583)]	2.1950667571848834
URI112H	contig_9 [gcode=11] [topology=linear]	L42895.1	K	26514	579	100.0	574	574	[(1, 575)]	[(25940, 26514)]	[(1, 575)]	2.164894018254507
URI112H	contig_9 [gcode=11] [topology=linear]	L25413.1	D	26514	1150	86.92971639950679	807	808	[(1, 809)]	[(25707, 26514)]	[(1, 809)]	3.0436750396017196
URI112H	contig_9 [gcode=11] [topology=linear]	U01892.1	M	26514	824	86.90330477356181	806	810	[(7, 817)]	[(25708, 26514)]	[(7, 817)]	3.0399034472354227
