assembly_id	contig_id	ref_id	ospC_type	query_length	ref_length	overall_percent_identity	query_covered_length	ref_covered_length	covered_intervals	query_intervals	subject_hit_coords	query_coverage_percent
URI88H	contig_16 [gcode=11] [topology=linear]	L25413.1	D	26522	1150	85.56962025316456	1170	1149	[(1, 1150)]	[(20419, 21589)]	[(1150, 1)]	4.411432018701456
URI88H	contig_16 [gcode=11] [topology=linear]	U04240.1	E	26522	929	87.12765957446808	931	928	[(1, 929)]	[(20752, 21683)]	[(929, 1)]	3.51029334137697
URI88H	contig_16 [gcode=11] [topology=linear]	AF029868.1	H	26522	551	100.0	550	550	[(1, 551)]	[(20830, 21380)]	[(551, 1)]	2.073750094261368
URI88H	contig_16 [gcode=11] [topology=linear]	EF537400.1	H	26522	552	99.45652173913044	551	551	[(1, 552)]	[(20807, 21358)]	[(552, 1)]	2.0775205489782067
URI88H	contig_16 [gcode=11] [topology=linear]	GQ478286.1	H	26522	528	99.81060606060606	527	527	[(1, 528)]	[(20792, 21319)]	[(528, 1)]	1.9870296357740742
