assembly_id	contig_id	ref_id	ospC_type	query_length	ref_length	overall_percent_identity	query_covered_length	ref_covered_length	covered_intervals	query_intervals	subject_hit_coords	query_coverage_percent
UWI247P	contig_2 [gcode=11] [topology=linear]	L25413.1	D	26521	1150	84.81012658227847	1169	1149	[(1, 1150)]	[(23243, 24412)]	[(1150, 1)]	4.407827759134271
UWI247P	contig_2 [gcode=11] [topology=linear]	EF537400.1	H	26521	552	100.0	551	551	[(1, 552)]	[(23631, 24182)]	[(552, 1)]	2.077598883903322
UWI247P	contig_2 [gcode=11] [topology=linear]	U04240.1	E	26521	929	86.38297872340426	930	928	[(1, 929)]	[(23576, 24506)]	[(929, 1)]	3.5066551035028843
UWI247P	contig_2 [gcode=11] [topology=linear]	AF029868.1	H	26521	551	99.45553539019963	550	550	[(1, 551)]	[(23654, 24204)]	[(551, 1)]	2.073828287017835
UWI247P	contig_2 [gcode=11] [topology=linear]	GQ478286.1	H	26521	528	100.0	527	527	[(1, 528)]	[(23616, 24143)]	[(528, 1)]	1.9871045586516347
