assembly_id	contig_id	ref_id	ospC_type	query_length	ref_length	overall_percent_identity	query_covered_length	ref_covered_length	covered_intervals	query_intervals	subject_hit_coords	query_coverage_percent
UWI283P	contig_2 [gcode=11] [topology=linear]	L25413.1	D	26531	1150	87.06677937447168	1169	1149	[(1, 1150)]	[(18319, 19488)]	[(1150, 1)]	4.406166371414572
UWI283P	contig_2 [gcode=11] [topology=linear]	U04240.1	E	26531	929	88.07241746538871	928	928	[(1, 929)]	[(18654, 19582)]	[(929, 1)]	3.497795032226452
UWI283P	contig_2 [gcode=11] [topology=linear]	FJ997281.1	O	26531	525	100.0	524	524	[(1, 525)]	[(18694, 19218)]	[(525, 1)]	1.9750480569899365
UWI283P	contig_2 [gcode=11] [topology=linear]	U01892.1	M	26531	824	88.27838827838828	808	817	[(7, 824)]	[(18679, 19487)]	[(824, 7)]	3.045493950473032
UWI283P	contig_2 [gcode=11] [topology=linear]	X84778.1	O	26531	528	97.91666666666666	527	527	[(1, 528)]	[(18703, 19230)]	[(528, 1)]	1.9863555840337717
