assembly_id	contig_id	ref_id	ospC_type	query_length	ref_length	overall_percent_identity	query_covered_length	ref_covered_length	covered_intervals	query_intervals	subject_hit_coords	query_coverage_percent
K89HH	contig_13 [gcode=11] [topology=linear]	U04281.1	I	26506	692	100.0	691	691	[(1, 692)]	[(19534, 20225)]	[(692, 1)]	2.6069569154153776
K89HH	contig_15 [gcode=11] [topology=linear]	AF029868.1	H	25057	551	100.0	550	550	[(1, 551)]	[(24255, 24805)]	[(551, 1)]	2.194995410464142
URI45H	contig_14 [gcode=11] [topology=linear]	AF029871.1	K	26514	583	100.0	582	582	[(1, 583)]	[(15407, 15989)]	[(1, 583)]	2.1950667571848834
URI45H	contig_15 [gcode=11] [topology=linear]	L42897.1	N	26506	579	100.0	578	578	[(1, 579)]	[(17727, 18305)]	[(579, 1)]	2.18063834603486
UCT95H	contig_6 [gcode=11] [topology=linear]	U04240.1	E	50792	929	99.19354838709677	1845	928	[(1, 929)]	[(37288, 38212), (10999, 11920)]	[(1, 929), (1, 929)]	3.6324618050086626
UCT95H	contig_8 [gcode=11] [topology=linear]	U04240.1	E	50250	929	99.24731182795699	1846	928	[(1, 929)]	[(20476, 21398), (46722, 47646)]	[(929, 1), (929, 1)]	3.67363184079602
