assembly_id	contig_id	contig_len	plasmid_id	plasmid_name	strain	query_length	ref_length	overall_percent_identity	query_coverage_percent	query_covered_length	ref_covered_length	covered_intervals	query_intervals	subject_hit_coords	locus_idx	locus_start	locus_end
GCF_024662175.1_ASM2466217v1_genomic	NZ_CP094580.1 Borreliella burgdorferi strain B379 plasmid p26, complete sequence	26515	JD1_cp26_ParA_1	cp26	JD1	26515	253	100.0	2.7531585894776542	730	242	[(206, 253), (1, 196)]	[(9273, 9860), (9889, 10032)]	[(1, 196), (206, 253)]	1	9273	9860
GCF_024662175.1_ASM2466217v1_genomic	NZ_CP094580.1 Borreliella burgdorferi strain B379 plasmid p26, complete sequence	26515	JD1_cp26_ParA_1	cp26	JD1	26515	253	100.0	2.7531585894776542	730	242	[(206, 253), (1, 196)]	[(9273, 9860), (9889, 10032)]	[(1, 196), (206, 253)]	2	9889	10032
GCF_024662175.1_ASM2466217v1_genomic	NZ_CP094594.1 Borreliella burgdorferi strain B379 plasmid p36, complete sequence	31386	K21_B31_lp36_ParA_X	lp36	K21	31386	249	100.0	4.63901102402345	1456	242	[(1, 243)]	[(10900, 11628), (28339, 29067)]	[(1, 243), (1, 243)]	1	10900	11628
GCF_024662175.1_ASM2466217v1_genomic	NZ_CP094594.1 Borreliella burgdorferi strain B379 plasmid p36, complete sequence	31386	K21_B31_lp36_ParA_X	lp36	K21	31386	249	100.0	4.63901102402345	1456	242	[(1, 243)]	[(10900, 11628), (28339, 29067)]	[(1, 243), (1, 243)]	2	28339	29067
