assembly_id	contig_id	contig_len	plasmid_id	plasmid_name	strain	query_length	ref_length	overall_percent_identity	query_coverage_percent	query_covered_length	ref_covered_length	covered_intervals	query_intervals	subject_hit_coords	locus_idx	locus_start	locus_end
GCF_002151485.1_ASM215148v1_genomic	NZ_CP019918.1 Borreliella burgdorferi strain PAbe plasmid p_cp32-5-1, complete sequence	56632	RS01295_JD1_JD1_cp32-1+5_ParA_X	cp32-1+5	RS01295	56632	257	100.0	1.3596553185478175	770	256	[(1, 257)]	[(14046, 14816)]	[(1, 257)]	1	14046	14816
GCF_002151485.1_ASM215148v1_genomic	NZ_CP019918.1 Borreliella burgdorferi strain PAbe plasmid p_cp32-5-1, complete sequence	56632	P32_B31_cp32-1_ParA_X	cp32-1	P32	56632	246	100.0	1.3013843763243396	737	245	[(1, 246)]	[(44718, 45455)]	[(1, 246)]	2	44718	45455
GCF_002151485.1_ASM215148v1_genomic	NZ_CP019921.1 Borreliella burgdorferi strain PAbe plasmid p_cp32-9-4, complete sequence	62238	N32_B31_cp32-9_ParA_X	cp32-9	N32	62238	251	100.0	1.1938044281628586	743	247	[(1, 248)]	[(20817, 21560)]	[(1, 248)]	1	20817	21560
GCF_002151485.1_ASM215148v1_genomic	NZ_CP019921.1 Borreliella burgdorferi strain PAbe plasmid p_cp32-9-4, complete sequence	62238	RS01165_B31_NRZ_p_cp32-4_ParA_X	cp32-4	RS01165	62238	251	100.0	1.2082650470773484	752	250	[(1, 251)]	[(51267, 52019)]	[(1, 251)]	2	51267	52019
GCF_002151485.1_ASM215148v1_genomic	NZ_CP019923.1 Borreliella burgdorferi strain PAbe plasmid p_lp28-1, complete sequence	28157	F24_B31_lp28-1_ParA_X	lp28-1	F24	28157	254	100.0	2.7027027027027026	761	253	[(1, 254)]	[(14365, 15126)]	[(1, 254)]	1	14365	15126
GCF_002151485.1_ASM215148v1_genomic	NZ_CP019923.1 Borreliella burgdorferi strain PAbe plasmid p_lp28-1, complete sequence	28157	RS01665_B31_NRZ_p_lp28-1_ParA_X	lp28-1	RS01665	28157	249	100.0	2.649429981887275	746	248	[(1, 249)]	[(20777, 21523)]	[(1, 249)]	2	20777	21523
