assembly_id	contig_id	contig_len	plasmid_id	plasmid_name	strain	query_length	ref_length	overall_percent_identity	query_coverage_percent	query_covered_length	ref_covered_length	covered_intervals	query_intervals	subject_hit_coords	locus_idx	locus_start	locus_end
UCT109H	contig_17 [gcode=11] [topology=linear]	22043	RS00875_MM1_plsm_lp17_ParA_X	lp17	RS00875	22043	246	100.0	6.5780519892936535	1450	241	[(1, 242)]	[(71, 796), (6469, 7194)]	[(1, 242), (1, 242)]	1	71	796
UCT109H	contig_17 [gcode=11] [topology=linear]	22043	RS00875_MM1_plsm_lp17_ParA_X	lp17	RS00875	22043	246	100.0	6.5780519892936535	1450	241	[(1, 242)]	[(71, 796), (6469, 7194)]	[(1, 242), (1, 242)]	2	6469	7194
UCT109H	contig_2 [gcode=11] [topology=linear]	56477	RS06245_ZS7_ZS7_lp28-2_ParA_X	lp28-2	RS06245	56477	255	100.0	1.3527630716929016	764	254	[(1, 255)]	[(5961, 6725)]	[(1, 255)]	1	5961	6725
UCT109H	contig_2 [gcode=11] [topology=linear]	56477	I21_B31_lp28-4_ParA_X	lp28-4	I21	56477	250	100.0	1.3262035873010252	749	249	[(1, 250)]	[(42763, 43512)]	[(1, 250)]	2	42763	43512
UCT109H	contig_7 [gcode=11] [topology=linear]	32634	F24_B31_lp28-1_ParA_X	lp28-1	F24	32634	254	100.0	2.3319237604951892	761	253	[(1, 254)]	[(14151, 14912)]	[(1, 254)]	1	14151	14912
UCT109H	contig_7 [gcode=11] [topology=linear]	32634	RS01665_B31_NRZ_p_lp28-1_ParA_X	lp28-1	RS01665	32634	249	100.0	2.2859594288165717	746	248	[(1, 249)]	[(20563, 21309)]	[(1, 249)]	2	20563	21309
