assembly_id	contig_id	contig_len	plasmid_id	plasmid_name	strain	query_length	ref_length	overall_percent_identity	query_coverage_percent	query_covered_length	ref_covered_length	covered_intervals	query_intervals	subject_hit_coords	locus_idx	locus_start	locus_end
UCT30H	contig_14 [gcode=11] [topology=linear]	21483	RS00875_MM1_plsm_lp17_ParA_X	lp17	RS00875	21483	246	100.0	6.749522878555137	1450	241	[(1, 242)]	[(20703, 21428), (14311, 15036)]	[(1, 242), (1, 242)]	1	14311	15036
UCT30H	contig_14 [gcode=11] [topology=linear]	21483	RS00875_MM1_plsm_lp17_ParA_X	lp17	RS00875	21483	246	100.0	6.749522878555137	1450	241	[(1, 242)]	[(20703, 21428), (14311, 15036)]	[(1, 242), (1, 242)]	2	20703	21428
UCT30H	contig_2 [gcode=11] [topology=linear]	57651	I21_B31_lp28-4_ParA_X	lp28-4	I21	57651	250	100.0	1.2991968916410817	749	249	[(1, 250)]	[(12554, 13303)]	[(1, 250)]	1	12554	13303
UCT30H	contig_2 [gcode=11] [topology=linear]	57651	RS00670_JD1_JD1_lp25_ParA_X	lp25	RS00670	57651	252	100.0	1.3096043433765243	755	251	[(1, 252)]	[(40357, 41112)]	[(1, 252)]	2	40357	41112
UCT30H	contig_4 [gcode=11] [topology=linear]	53480	RS07610_JD1_JD1_lp28-6_ParA_X	lp28-6	RS07610	53480	251	100.0	1.406133133881825	752	250	[(1, 251)]	[(1791, 2543)]	[(1, 251)]	1	1791	2543
UCT30H	contig_4 [gcode=11] [topology=linear]	53480	B379_lp28-5_ParA_1	lp28-5	B379	53480	247	100.0	1.3836948391922212	740	246	[(1, 247)]	[(45493, 46233)]	[(1, 247)]	2	45493	46233
UCT30H	contig_5 [gcode=11] [topology=linear]	52259	RS00365_JD1_JD1_lp28-1_ParA_X	lp28-1	RS00365	52259	254	100.0	1.4562084999712968	761	253	[(1, 254)]	[(15234, 15995)]	[(1, 254)]	1	15234	15995
UCT30H	contig_5 [gcode=11] [topology=linear]	52259	RS05390_N40_N40_lp28-5_ParA_X	lp28-5	RS05390	52259	245	100.0	1.404542758185193	734	244	[(1, 245)]	[(39259, 39993)]	[(1, 245)]	2	39259	39993
