assembly_id	contig_id	contig_len	plasmid_id	plasmid_name	strain	query_length	ref_length	overall_percent_identity	query_coverage_percent	query_covered_length	ref_covered_length	covered_intervals	query_intervals	subject_hit_coords	locus_idx	locus_start	locus_end
UNY1128P	contig_4 [gcode=11] [topology=linear]	56412	I21_B31_lp28-4_ParA_X	lp28-4	I21	56412	250	100.0	1.3277316882932708	749	249	[(1, 250)]	[(16003, 16752)]	[(1, 250)]	1	16003	16752
UNY1128P	contig_4 [gcode=11] [topology=linear]	56412	RS00670_JD1_JD1_lp25_ParA_X	lp25	RS00670	56412	252	100.0	1.3383677231794653	755	251	[(1, 252)]	[(43815, 44570)]	[(1, 252)]	2	43815	44570
UNY1128P	contig_7 [gcode=11] [topology=linear]	32904	K21_B31_lp36_ParA_X	lp36	K21	32904	249	100.0	2.212496960855823	728	242	[(1, 243)]	[(11286, 12014)]	[(1, 243)]	1	11286	12014
UNY1128P	contig_7 [gcode=11] [topology=linear]	32904	RS06415_JD1_JD1_lp28-5_ParA_X	lp28-5	RS06415	32904	250	100.0	2.2763189885728177	749	249	[(1, 250)]	[(30046, 30795)]	[(1, 250)]	2	30046	30795
