assembly_id	contig_id	contig_len	plasmid_id	plasmid_name	strain	query_length	ref_length	overall_percent_identity	query_coverage_percent	query_covered_length	ref_covered_length	covered_intervals	query_intervals	subject_hit_coords	locus_idx	locus_start	locus_end
UNY1083P	contig_2 [gcode=11] [topology=linear]	56357	I21_B31_lp28-4_ParA_X	lp28-4	I21	56357	250	100.0	1.3290274500062105	749	249	[(1, 250)]	[(14691, 15440)]	[(1, 250)]	1	14691	15440
UNY1083P	contig_2 [gcode=11] [topology=linear]	56357	RS00670_JD1_JD1_lp25_ParA_X	lp25	RS00670	56357	252	100.0	1.3396738648260198	755	251	[(1, 252)]	[(43233, 43988)]	[(1, 252)]	2	43233	43988
UNY1083P	contig_4 [gcode=11] [topology=linear]	38215	H28_B31_lp28-3_ParA_X	lp28-3	H28	38215	251	100.0	1.9678136857255006	752	250	[(1, 251)]	[(9734, 10486)]	[(1, 251)]	1	9734	10486
UNY1083P	contig_4 [gcode=11] [topology=linear]	38215	RS06415_JD1_JD1_lp28-5_ParA_X	lp28-5	RS06415	38215	250	100.0	1.9599633651707444	749	249	[(1, 250)]	[(35213, 35962)]	[(1, 250)]	2	35213	35962
