assembly_id	contig_id	contig_len	plasmid_id	plasmid_name	strain	query_length	ref_length	overall_percent_identity	query_coverage_percent	query_covered_length	ref_covered_length	covered_intervals	query_intervals	subject_hit_coords	locus_idx	locus_start	locus_end
URI102H	contig_14 [gcode=11] [topology=linear]	27792	F24_B31_lp28-1_ParA_X	lp28-1	F24	27792	254	100.0	2.7381980426021877	761	253	[(1, 254)]	[(9309, 10070)]	[(1, 254)]	1	9309	10070
URI102H	contig_14 [gcode=11] [topology=linear]	27792	RS01665_B31_NRZ_p_lp28-1_ParA_X	lp28-1	RS01665	27792	249	100.0	2.684225676453656	746	248	[(1, 249)]	[(15721, 16467)]	[(1, 249)]	2	15721	16467
URI102H	contig_16 [gcode=11] [topology=linear]	21941	RS00875_MM1_plsm_lp17_ParA_X	lp17	RS00875	21941	246	100.0	6.608632241009982	1450	241	[(1, 242)]	[(71, 796), (6469, 7194)]	[(1, 242), (1, 242)]	1	71	796
URI102H	contig_16 [gcode=11] [topology=linear]	21941	RS00875_MM1_plsm_lp17_ParA_X	lp17	RS00875	21941	246	100.0	6.608632241009982	1450	241	[(1, 242)]	[(71, 796), (6469, 7194)]	[(1, 242), (1, 242)]	2	6469	7194
URI102H	contig_2 [gcode=11] [topology=linear]	56558	RS06245_ZS7_ZS7_lp28-2_ParA_X	lp28-2	RS06245	56558	255	100.0	1.3508257010502491	764	254	[(1, 255)]	[(5961, 6725)]	[(1, 255)]	1	5961	6725
URI102H	contig_2 [gcode=11] [topology=linear]	56558	I21_B31_lp28-4_ParA_X	lp28-4	I21	56558	250	100.0	1.3243042540401004	749	249	[(1, 250)]	[(42844, 43593)]	[(1, 250)]	2	42844	43593
