assembly_id	contig_id	contig_len	plasmid_id	plasmid_name	strain	query_length	ref_length	overall_percent_identity	query_coverage_percent	query_covered_length	ref_covered_length	covered_intervals	query_intervals	subject_hit_coords	locus_idx	locus_start	locus_end
URI39H	contig_20 [gcode=11] [topology=linear]	17931	RS00875_MM1_plsm_lp17_ParA_X	lp17	RS00875	17931	246	100.0	8.086554012603871	1450	241	[(1, 242)]	[(10748, 11473), (17146, 17871)]	[(1, 242), (1, 242)]	1	10748	11473
URI39H	contig_20 [gcode=11] [topology=linear]	17931	RS00875_MM1_plsm_lp17_ParA_X	lp17	RS00875	17931	246	100.0	8.086554012603871	1450	241	[(1, 242)]	[(10748, 11473), (17146, 17871)]	[(1, 242), (1, 242)]	2	17146	17871
URI39H	contig_6 [gcode=11] [topology=linear]	31809	F24_B31_lp28-1_ParA_X	lp28-1	F24	31809	254	100.0	2.3924046653462856	761	253	[(1, 254)]	[(13104, 13865)]	[(1, 254)]	1	13104	13865
URI39H	contig_6 [gcode=11] [topology=linear]	31809	RS01665_B31_NRZ_p_lp28-1_ParA_X	lp28-1	RS01665	31809	249	100.0	2.3452482001949138	746	248	[(1, 249)]	[(19516, 20262)]	[(1, 249)]	2	19516	20262
