assembly_id	contig_id	contig_len	plasmid_id	plasmid_name	strain	query_length	ref_length	overall_percent_identity	query_coverage_percent	query_covered_length	ref_covered_length	covered_intervals	query_intervals	subject_hit_coords	locus_idx	locus_start	locus_end
URI42H	contig_16 [gcode=11] [topology=linear]	22110	RS00875_MM1_plsm_lp17_ParA_X	lp17	RS00875	22110	246	100.0	6.558118498417007	1450	241	[(1, 242)]	[(14910, 15635), (21310, 22035)]	[(1, 242), (1, 242)]	1	14910	15635
URI42H	contig_16 [gcode=11] [topology=linear]	22110	RS00875_MM1_plsm_lp17_ParA_X	lp17	RS00875	22110	246	100.0	6.558118498417007	1450	241	[(1, 242)]	[(14910, 15635), (21310, 22035)]	[(1, 242), (1, 242)]	2	21310	22035
URI42H	contig_5 [gcode=11] [topology=linear]	33453	F24_B31_lp28-1_ParA_X	lp28-1	F24	33453	254	100.0	2.274833348279676	761	253	[(1, 254)]	[(14748, 15509)]	[(1, 254)]	1	14748	15509
URI42H	contig_5 [gcode=11] [topology=linear]	33453	RS01665_B31_NRZ_p_lp28-1_ParA_X	lp28-1	RS01665	33453	249	100.0	2.2299943203898005	746	248	[(1, 249)]	[(21160, 21906)]	[(1, 249)]	2	21160	21906
