assembly_id	contig_id	contig_len	plasmid_id	plasmid_name	strain	query_length	ref_length	overall_percent_identity	query_coverage_percent	query_covered_length	ref_covered_length	covered_intervals	query_intervals	subject_hit_coords	locus_idx	locus_start	locus_end
URI40H	contig_18 [gcode=11] [topology=linear]	22212	RS00875_MM1_plsm_lp17_ParA_X	lp17	RS00875	22212	246	100.0	6.528002881325409	1450	241	[(1, 242)]	[(15012, 15737), (21412, 22137)]	[(1, 242), (1, 242)]	1	15012	15737
URI40H	contig_18 [gcode=11] [topology=linear]	22212	RS00875_MM1_plsm_lp17_ParA_X	lp17	RS00875	22212	246	100.0	6.528002881325409	1450	241	[(1, 242)]	[(15012, 15737), (21412, 22137)]	[(1, 242), (1, 242)]	2	21412	22137
URI40H	contig_5 [gcode=11] [topology=linear]	33437	F24_B31_lp28-1_ParA_X	lp28-1	F24	33437	254	100.0	2.275921882944044	761	253	[(1, 254)]	[(14732, 15493)]	[(1, 254)]	1	14732	15493
URI40H	contig_5 [gcode=11] [topology=linear]	33437	RS01665_B31_NRZ_p_lp28-1_ParA_X	lp28-1	RS01665	33437	249	100.0	2.2310613990489574	746	248	[(1, 249)]	[(21144, 21890)]	[(1, 249)]	2	21144	21890
