assembly_id	contig_id	contig_len	plasmid_id	plasmid_name	strain	query_length	ref_length	overall_percent_identity	query_coverage_percent	query_covered_length	ref_covered_length	covered_intervals	query_intervals	subject_hit_coords	locus_idx	locus_start	locus_end
URI86H	contig_12 [gcode=11] [topology=linear]	21563	RS00875_MM1_plsm_lp17_ParA_X	lp17	RS00875	21563	246	100.0	6.7244817511478	1450	241	[(1, 242)]	[(20769, 21494), (14377, 15102)]	[(1, 242), (1, 242)]	1	14377	15102
URI86H	contig_12 [gcode=11] [topology=linear]	21563	RS00875_MM1_plsm_lp17_ParA_X	lp17	RS00875	21563	246	100.0	6.7244817511478	1450	241	[(1, 242)]	[(20769, 21494), (14377, 15102)]	[(1, 242), (1, 242)]	2	20769	21494
URI86H	contig_2 [gcode=11] [topology=linear]	86452	I21_B31_lp28-4_ParA_X	lp28-4	I21	86452	250	100.0	0.8663767177161894	749	249	[(1, 250)]	[(12033, 12782)]	[(1, 250)]	1	12033	12782
URI86H	contig_2 [gcode=11] [topology=linear]	86452	H28_B31_lp28-3_ParA_X	lp28-3	H28	86452	251	100.0	0.8698468514320086	752	250	[(1, 251)]	[(77356, 78108)]	[(1, 251)]	2	77356	78108
