assembly_id	contig_id	contig_len	plasmid_id	plasmid_name	strain	query_length	ref_length	overall_percent_identity	query_coverage_percent	query_covered_length	ref_covered_length	covered_intervals	query_intervals	subject_hit_coords	locus_idx	locus_start	locus_end
URI87H	contig_16 [gcode=11] [topology=linear]	26671	F24_B31_lp28-1_ParA_X	lp28-1	F24	26671	254	100.0	2.8532863409695923	761	253	[(1, 254)]	[(8188, 8949)]	[(1, 254)]	1	8188	8949
URI87H	contig_16 [gcode=11] [topology=linear]	26671	RS01665_B31_NRZ_p_lp28-1_ParA_X	lp28-1	RS01665	26671	249	100.0	2.797045480109482	746	248	[(1, 249)]	[(14600, 15346)]	[(1, 249)]	2	14600	15346
URI87H	contig_19 [gcode=11] [topology=linear]	21941	RS00875_MM1_plsm_lp17_ParA_X	lp17	RS00875	21941	246	100.0	6.608632241009982	1450	241	[(1, 242)]	[(21146, 21871), (14748, 15473)]	[(1, 242), (1, 242)]	1	14748	15473
URI87H	contig_19 [gcode=11] [topology=linear]	21941	RS00875_MM1_plsm_lp17_ParA_X	lp17	RS00875	21941	246	100.0	6.608632241009982	1450	241	[(1, 242)]	[(21146, 21871), (14748, 15473)]	[(1, 242), (1, 242)]	2	21146	21871
