assembly_id	contig_id	contig_len	plasmid_id	plasmid_name	strain	query_length	ref_length	overall_percent_identity	query_coverage_percent	query_covered_length	ref_covered_length	covered_intervals	query_intervals	subject_hit_coords	locus_idx	locus_start	locus_end
URI88H	contig_17 [gcode=11] [topology=linear]	21662	RS00875_MM1_plsm_lp17_ParA_X	lp17	RS00875	21662	246	100.0	6.693749422952636	1450	241	[(1, 242)]	[(6461, 7186), (67, 792)]	[(1, 242), (1, 242)]	1	67	792
URI88H	contig_17 [gcode=11] [topology=linear]	21662	RS00875_MM1_plsm_lp17_ParA_X	lp17	RS00875	21662	246	100.0	6.693749422952636	1450	241	[(1, 242)]	[(6461, 7186), (67, 792)]	[(1, 242), (1, 242)]	2	6461	7186
URI88H	contig_2 [gcode=11] [topology=linear]	59619	I21_B31_lp28-4_ParA_X	lp28-4	I21	59619	250	100.0	1.2563109075965715	749	249	[(1, 250)]	[(12053, 12802)]	[(1, 250)]	1	12053	12802
URI88H	contig_2 [gcode=11] [topology=linear]	59619	RS00670_JD1_JD1_lp25_ParA_X	lp25	RS00670	59619	252	100.0	1.2663748133984132	755	251	[(1, 252)]	[(39783, 40538)]	[(1, 252)]	2	39783	40538
URI88H	contig_3 [gcode=11] [topology=linear]	54954	RS00365_JD1_JD1_lp28-1_ParA_X	lp28-1	RS00365	54954	254	100.0	1.3847945554463734	761	253	[(1, 254)]	[(12892, 13653)]	[(1, 254)]	1	12892	13653
URI88H	contig_3 [gcode=11] [topology=linear]	54954	RS06620_JD1_JD1_lp28-7_ParA_X	lp28-7	RS06620	54954	253	100.0	1.379335444189686	758	252	[(1, 253)]	[(46963, 47721)]	[(1, 253)]	2	46963	47721
URI88H	contig_5 [gcode=11] [topology=linear]	53592	H28_B31_lp28-3_ParA_X	lp28-3	H28	53592	251	100.0	1.4031945066427824	752	250	[(1, 251)]	[(17949, 18701)]	[(1, 251)]	1	17949	18701
URI88H	contig_5 [gcode=11] [topology=linear]	53592	K21_B31_lp36_ParA_X	lp36	K21	53592	249	84.34959349593495	2.750410509031199	1474	248	[(1, 249)]	[(38788, 39516), (17949, 18695)]	[(1, 243), (1, 249)]	2	38788	39516
