assembly_id	contig_id	contig_len	plasmid_id	plasmid_name	strain	query_length	ref_length	overall_percent_identity	query_coverage_percent	query_covered_length	ref_covered_length	covered_intervals	query_intervals	subject_hit_coords	locus_idx	locus_start	locus_end
URI93H	contig_3 [gcode=11] [topology=linear]	50256	RS00875_MM1_plsm_lp17_ParA_X	lp17	RS00875	50256	246	100.0	2.885227634511302	1450	241	[(1, 242)]	[(71, 796), (6469, 7194)]	[(1, 242), (1, 242)]	1	71	796
URI93H	contig_3 [gcode=11] [topology=linear]	50256	RS00875_MM1_plsm_lp17_ParA_X	lp17	RS00875	50256	246	100.0	2.885227634511302	1450	241	[(1, 242)]	[(71, 796), (6469, 7194)]	[(1, 242), (1, 242)]	2	6469	7194
URI93H	contig_3 [gcode=11] [topology=linear]	50256	H28_B31_lp28-3_ParA_X	lp28-3	H28	50256	251	100.0	1.4963387456224133	752	250	[(1, 251)]	[(38409, 39161)]	[(1, 251)]	3	38409	39161
URI93H	contig_7 [gcode=11] [topology=linear]	33271	F24_B31_lp28-1_ParA_X	lp28-1	F24	33271	254	100.0	2.28727720837967	761	253	[(1, 254)]	[(14788, 15549)]	[(1, 254)]	1	14788	15549
URI93H	contig_7 [gcode=11] [topology=linear]	33271	RS01665_B31_NRZ_p_lp28-1_ParA_X	lp28-1	RS01665	33271	249	100.0	2.242192900724355	746	248	[(1, 249)]	[(21200, 21946)]	[(1, 249)]	2	21200	21946
