assembly_id	contig_id	contig_len	plasmid_id	plasmid_name	strain	query_length	ref_length	overall_percent_identity	query_coverage_percent	query_covered_length	ref_covered_length	covered_intervals	query_intervals	subject_hit_coords	locus_idx	locus_start	locus_end
URI91H	contig_21 [gcode=11] [topology=linear]	22110	RS00875_MM1_plsm_lp17_ParA_X	lp17	RS00875	22110	246	100.0	6.558118498417007	1450	241	[(1, 242)]	[(21309, 22034), (14911, 15636)]	[(1, 242), (1, 242)]	1	14911	15636
URI91H	contig_21 [gcode=11] [topology=linear]	22110	RS00875_MM1_plsm_lp17_ParA_X	lp17	RS00875	22110	246	100.0	6.558118498417007	1450	241	[(1, 242)]	[(21309, 22034), (14911, 15636)]	[(1, 242), (1, 242)]	2	21309	22034
URI91H	contig_6 [gcode=11] [topology=linear]	32383	F24_B31_lp28-1_ParA_X	lp28-1	F24	32383	254	100.0	2.3499984559799896	761	253	[(1, 254)]	[(13678, 14439)]	[(1, 254)]	1	13678	14439
URI91H	contig_6 [gcode=11] [topology=linear]	32383	RS01665_B31_NRZ_p_lp28-1_ParA_X	lp28-1	RS01665	32383	249	100.0	2.3036778556650095	746	248	[(1, 249)]	[(20090, 20836)]	[(1, 249)]	2	20090	20836
