assembly_id	contig_id	ref_id	ospC_type	query_length	ref_length	overall_percent_identity	query_covered_length	ref_covered_length	covered_intervals	query_intervals	subject_hit_coords	query_coverage_percent
B418PP	contig_2 [gcode=11] [topology=linear]	U04240.1	E	26498	929	99.89247311827957	929	928	[(1, 929)]	[(20552, 21481)]	[(929, 1)]	3.505924975469847
B418PP	contig_2 [gcode=11] [topology=linear]	L25413.1	D	26498	1150	86.23931623931624	1153	1138	[(1, 1139)]	[(20233, 21386)]	[(1139, 1)]	4.351271794097668
B418PP	contig_2 [gcode=11] [topology=linear]	U01892.1	M	26498	824	87.08891595615104	808	817	[(7, 824)]	[(20577, 21385)]	[(824, 7)]	3.049286738621783
B418PP	contig_2 [gcode=11] [topology=linear]	U04282.1	B_bissettii25015	26498	962	84.25925925925925	929	961	[(1, 962)]	[(20552, 21481)]	[(962, 1)]	3.505924975469847
B418PP	contig_2 [gcode=11] [topology=linear]	U01894.1	A	26498	980	85.3917662682603	746	750	[(230, 980)]	[(20535, 21281)]	[(980, 230)]	2.815306815608725
