assembly_id	contig_id	ref_id	ospC_type	query_length	ref_length	overall_percent_identity	query_covered_length	ref_covered_length	covered_intervals	query_intervals	subject_hit_coords	query_coverage_percent
B500PP	contig_2 [gcode=11] [topology=linear]	L25413.1	D	26512	1150	87.39352640545145	1158	1138	[(1, 1139)]	[(610, 1768)]	[(1, 1139)]	4.367833433916717
B500PP	contig_2 [gcode=11] [topology=linear]	U04281.1	I	26512	692	100.0	691	691	[(1, 692)]	[(756, 1447)]	[(1, 692)]	2.606366928183464
B500PP	contig_2 [gcode=11] [topology=linear]	U04240.1	E	26512	929	87.15498938428875	932	928	[(1, 929)]	[(515, 1447)]	[(1, 929)]	3.515389257694629
B500PP	contig_2 [gcode=11] [topology=linear]	U01892.1	M	26512	824	86.00973236009733	811	817	[(7, 824)]	[(611, 1422)]	[(7, 824)]	3.058992154496077
B500PP	contig_2 [gcode=11] [topology=linear]	DQ437462.1	C	26512	630	89.84126984126985	629	629	[(1, 630)]	[(790, 1419)]	[(1, 630)]	2.3725105612552806
