assembly_id	contig_id	ref_id	ospC_type	query_length	ref_length	overall_percent_identity	query_covered_length	ref_covered_length	covered_intervals	query_intervals	subject_hit_coords	query_coverage_percent
ESI403H	contig_11 [gcode=11] [topology=linear]	L25413.1	D	26514	1150	87.32876712328768	1148	1138	[(1, 1139)]	[(13386, 14534)]	[(1139, 1)]	4.329788036509014
ESI403H	contig_11 [gcode=11] [topology=linear]	NC_011724.1	B	26514	636	100.0	635	635	[(1, 636)]	[(13719, 14354)]	[(636, 1)]	2.394961152598627
ESI403H	contig_11 [gcode=11] [topology=linear]	U04240.1	E	26514	929	85.62367864693447	935	928	[(1, 929)]	[(13694, 14629)]	[(929, 1)]	3.5264388624877423
ESI403H	contig_11 [gcode=11] [topology=linear]	U01894.1	A	26514	980	87.91064388961892	754	750	[(230, 980)]	[(13677, 14431)]	[(980, 230)]	2.843780644187976
ESI403H	contig_11 [gcode=11] [topology=linear]	EF537414.1	W	26514	579	91.72413793103448	578	578	[(1, 579)]	[(13722, 14300)]	[(579, 1)]	2.1799803877196955
