assembly_id	contig_id	ref_id	ospC_type	query_length	ref_length	overall_percent_identity	query_covered_length	ref_covered_length	covered_intervals	query_intervals	subject_hit_coords	query_coverage_percent
GCF_040790755.1_ASM4079075v1_genomic	NZ_CP161102.1 Borreliella burgdorferi strain Bb16-134 plasmid cp26, complete sequence	L25413.1	D	26515	1150	84.73154362416108	1170	1148	[(2, 1150)]	[(16718, 17888)]	[(2, 1150)]	4.412596643409391
GCF_040790755.1_ASM4079075v1_genomic	NZ_CP161102.1 Borreliella burgdorferi strain Bb16-134 plasmid cp26, complete sequence	L42897.1	N	26515	579	100.0	578	578	[(1, 579)]	[(16950, 17528)]	[(1, 579)]	2.1798981708466907
GCF_040790755.1_ASM4079075v1_genomic	NZ_CP161102.1 Borreliella burgdorferi strain Bb16-134 plasmid cp26, complete sequence	DQ437470.1	N	26515	579	100.0	578	578	[(1, 579)]	[(16926, 17504)]	[(1, 579)]	2.1798981708466907
GCF_040790755.1_ASM4079075v1_genomic	NZ_CP161102.1 Borreliella burgdorferi strain Bb16-134 plasmid cp26, complete sequence	U04240.1	E	26515	929	86.62420382165605	933	928	[(1, 929)]	[(16623, 17556)]	[(1, 929)]	3.5187629643597966
GCF_040790755.1_ASM4079075v1_genomic	NZ_CP161102.1 Borreliella burgdorferi strain Bb16-134 plasmid cp26, complete sequence	U01892.1	M	26515	824	84.91484184914842	813	817	[(7, 824)]	[(16718, 17531)]	[(7, 824)]	3.0661889496511407
