assembly_id	contig_id	ref_id	ospC_type	query_length	ref_length	overall_percent_identity	query_covered_length	ref_covered_length	covered_intervals	query_intervals	subject_hit_coords	query_coverage_percent
GCF_040790795.1_ASM4079079v1_genomic	NZ_CP161167.1 Borreliella burgdorferi 297 plasmid cp26, complete sequence	L25413.1	D	26512	1150	86.34020618556701	1150	1138	[(1, 1139)]	[(16723, 17873)]	[(1, 1139)]	4.337658418829209
GCF_040790795.1_ASM4079079v1_genomic	NZ_CP161167.1 Borreliella burgdorferi 297 plasmid cp26, complete sequence	U04240.1	E	26512	929	88.67521367521367	930	925	[(1, 926)]	[(16629, 17559)]	[(1, 926)]	3.507845503922752
GCF_040790795.1_ASM4079079v1_genomic	NZ_CP161167.1 Borreliella burgdorferi 297 plasmid cp26, complete sequence	AF029871.1	K	26512	583	100.0	582	582	[(1, 583)]	[(16931, 17513)]	[(1, 583)]	2.195232347616174
GCF_040790795.1_ASM4079079v1_genomic	NZ_CP161167.1 Borreliella burgdorferi 297 plasmid cp26, complete sequence	L42895.1	K	26512	579	100.0	578	578	[(1, 579)]	[(16956, 17534)]	[(1, 579)]	2.18014484007242
GCF_040790795.1_ASM4079079v1_genomic	NZ_CP161167.1 Borreliella burgdorferi 297 plasmid cp26, complete sequence	U01892.1	M	26512	824	86.89320388349515	813	817	[(7, 824)]	[(16724, 17537)]	[(7, 824)]	3.066535908267954
