assembly_id	contig_id	ref_id	ospC_type	query_length	ref_length	overall_percent_identity	query_covered_length	ref_covered_length	covered_intervals	query_intervals	subject_hit_coords	query_coverage_percent
UCT124H	contig_14 [gcode=11] [topology=linear]	L25413.1	D	26525	1150	87.27583262169087	1159	1138	[(1, 1139)]	[(17758, 18917)]	[(1139, 1)]	4.369462770970782
UCT124H	contig_14 [gcode=11] [topology=linear]	NC_011724.1	B	26525	636	99.21383647798741	635	635	[(1, 636)]	[(18102, 18737)]	[(636, 1)]	2.3939679547596606
UCT124H	contig_14 [gcode=11] [topology=linear]	U04240.1	E	26525	929	86.25792811839324	935	928	[(1, 929)]	[(18077, 19012)]	[(929, 1)]	3.5249764373232804
UCT124H	contig_14 [gcode=11] [topology=linear]	U01894.1	A	26525	980	88.35978835978835	749	746	[(234, 980)]	[(18060, 18809)]	[(980, 234)]	2.823751178133836
UCT124H	contig_14 [gcode=11] [topology=linear]	EF537414.1	W	26525	579	92.24137931034483	578	578	[(1, 579)]	[(18105, 18683)]	[(579, 1)]	2.1790763430725733
