assembly_id	contig_id	ref_id	ospC_type	query_length	ref_length	overall_percent_identity	query_covered_length	ref_covered_length	covered_intervals	query_intervals	subject_hit_coords	query_coverage_percent
UCT50H	contig_8 [gcode=11] [topology=linear]	U04240.1	E	26498	929	99.89247311827957	929	928	[(1, 929)]	[(7776, 8705)]	[(929, 1)]	3.505924975469847
UCT50H	contig_8 [gcode=11] [topology=linear]	L25413.1	D	26498	1150	86.23931623931624	1153	1138	[(1, 1139)]	[(7457, 8610)]	[(1139, 1)]	4.351271794097668
UCT50H	contig_8 [gcode=11] [topology=linear]	U01892.1	M	26498	824	87.08891595615104	808	817	[(7, 824)]	[(7801, 8609)]	[(824, 7)]	3.049286738621783
UCT50H	contig_8 [gcode=11] [topology=linear]	U04282.1	B_bissettii25015	26498	962	84.25925925925925	929	961	[(1, 962)]	[(7776, 8705)]	[(962, 1)]	3.505924975469847
UCT50H	contig_8 [gcode=11] [topology=linear]	U01894.1	A	26498	980	85.3917662682603	746	750	[(230, 980)]	[(7759, 8505)]	[(980, 230)]	2.815306815608725
