assembly_id	contig_id	ref_id	ospC_type	query_length	ref_length	overall_percent_identity	query_covered_length	ref_covered_length	covered_intervals	query_intervals	subject_hit_coords	query_coverage_percent
UNY1083P	contig_9 [gcode=11] [topology=linear]	L25413.1	D	25159	1150	85.78680203045685	1170	1149	[(1, 1150)]	[(23039, 24209)]	[(1, 1150)]	4.65042330776263
UNY1083P	contig_9 [gcode=11] [topology=linear]	DQ437462.1	C	25159	630	100.0	629	629	[(1, 630)]	[(23219, 23848)]	[(1, 630)]	2.500099368019397
UNY1083P	contig_9 [gcode=11] [topology=linear]	U04240.1	E	25159	929	88.20403825717322	931	928	[(1, 929)]	[(22945, 23876)]	[(1, 929)]	3.7004650423307766
UNY1083P	contig_9 [gcode=11] [topology=linear]	U04281.1	I	25159	692	90.60693641618496	691	691	[(1, 692)]	[(23185, 23876)]	[(1, 692)]	2.7465320561230575
UNY1083P	contig_9 [gcode=11] [topology=linear]	U01892.1	M	25159	824	86.11449451887941	811	817	[(7, 824)]	[(23040, 23851)]	[(7, 824)]	3.223498549226917
