assembly_id	contig_id	ref_id	ospC_type	query_length	ref_length	overall_percent_identity	query_covered_length	ref_covered_length	covered_intervals	query_intervals	subject_hit_coords	query_coverage_percent
UNY172P	contig_2 [gcode=11] [topology=linear]	U01892.1	M	26537	824	99.38875305623472	817	817	[(7, 824)]	[(13086, 13903)]	[(824, 7)]	3.0787202773486078
UNY172P	contig_2 [gcode=11] [topology=linear]	L25413.1	D	26537	1150	85.01683501683502	1175	1149	[(1, 1150)]	[(12729, 13904)]	[(1150, 1)]	4.427780080642122
UNY172P	contig_2 [gcode=11] [topology=linear]	U04240.1	E	26537	929	88.33693304535637	922	913	[(1, 914)]	[(13076, 13998)]	[(914, 1)]	3.4743942420017335
UNY172P	contig_2 [gcode=11] [topology=linear]	U04282.1	B_bissettii25015	26537	962	82.99180327868852	939	958	[(1, 959)]	[(13059, 13998)]	[(959, 1)]	3.538455741040811
UNY172P	contig_2 [gcode=11] [topology=linear]	U01894.1	A	26537	980	84.94208494208493	768	764	[(216, 980)]	[(13047, 13815)]	[(980, 216)]	2.8940724271771487
