assembly_id	contig_id	ref_id	ospC_type	query_length	ref_length	overall_percent_identity	query_covered_length	ref_covered_length	covered_intervals	query_intervals	subject_hit_coords	query_coverage_percent
URI103H	contig_12 [gcode=11] [topology=linear]	L25413.1	D	26514	1150	86.34020618556701	1150	1138	[(1, 1139)]	[(6022, 7172)]	[(1139, 1)]	4.337331221241608
URI103H	contig_12 [gcode=11] [topology=linear]	U04240.1	E	26514	929	88.67521367521367	930	925	[(1, 926)]	[(6336, 7266)]	[(926, 1)]	3.507580900656257
URI103H	contig_12 [gcode=11] [topology=linear]	AF029871.1	K	26514	583	100.0	582	582	[(1, 583)]	[(6382, 6964)]	[(583, 1)]	2.1950667571848834
URI103H	contig_12 [gcode=11] [topology=linear]	L42895.1	K	26514	579	100.0	578	578	[(1, 579)]	[(6361, 6939)]	[(579, 1)]	2.1799803877196955
URI103H	contig_12 [gcode=11] [topology=linear]	U01892.1	M	26514	824	86.89320388349515	813	817	[(7, 824)]	[(6358, 7171)]	[(824, 7)]	3.066304593799502
