assembly_id	contig_id	ref_id	ospC_type	query_length	ref_length	overall_percent_identity	query_covered_length	ref_covered_length	covered_intervals	query_intervals	subject_hit_coords	query_coverage_percent
URI33H	contig_13 [gcode=11] [topology=linear]	L25413.1	D	26506	1150	84.74434199497067	1171	1149	[(1, 1150)]	[(13426, 14597)]	[(1, 1150)]	4.417867652606957
URI33H	contig_13 [gcode=11] [topology=linear]	L42897.1	N	26506	579	100.0	578	578	[(1, 579)]	[(13659, 14237)]	[(1, 579)]	2.18063834603486
URI33H	contig_13 [gcode=11] [topology=linear]	DQ437470.1	N	26506	579	100.0	578	578	[(1, 579)]	[(13635, 14213)]	[(1, 579)]	2.18063834603486
URI33H	contig_13 [gcode=11] [topology=linear]	U04240.1	E	26506	929	86.51804670912952	933	928	[(1, 929)]	[(13332, 14265)]	[(1, 929)]	3.519957745416132
URI33H	contig_13 [gcode=11] [topology=linear]	U01892.1	M	26506	824	84.91484184914842	813	817	[(7, 824)]	[(13427, 14240)]	[(7, 824)]	3.0672300611182375
