assembly_id	contig_id	ref_id	ospC_type	query_length	ref_length	overall_percent_identity	query_covered_length	ref_covered_length	covered_intervals	query_intervals	subject_hit_coords	query_coverage_percent
URI42H	contig_15 [gcode=11] [topology=linear]	L25413.1	D	26498	1150	89.90426457789383	1133	1138	[(1, 1139)]	[(24271, 25404)]	[(1, 1139)]	4.275794399577327
URI42H	contig_15 [gcode=11] [topology=linear]	U01894.1	A	26498	980	98.98477157360406	982	977	[(234, 980), (12, 243)]	[(24098, 24334), (24379, 25125)]	[(234, 980), (12, 243)]	3.705940070948751
URI42H	contig_15 [gcode=11] [topology=linear]	U04240.1	E	26498	929	86.81672025723472	931	928	[(1, 929)]	[(24177, 25108)]	[(1, 929)]	3.513472714921881
URI42H	contig_15 [gcode=11] [topology=linear]	U04282.1	B_bissettii25015	26498	962	86.30705394190872	931	961	[(1, 962)]	[(24177, 25108)]	[(1, 962)]	3.513472714921881
URI42H	contig_15 [gcode=11] [topology=linear]	U01892.1	M	26498	824	87.08891595615104	811	817	[(7, 824)]	[(24272, 25083)]	[(7, 824)]	3.0606083477998336
