assembly_id	contig_id	ref_id	ospC_type	query_length	ref_length	overall_percent_identity	query_covered_length	ref_covered_length	covered_intervals	query_intervals	subject_hit_coords	query_coverage_percent
URI56H	contig_3 [gcode=11] [topology=linear]	L25413.1	D	26506	1150	87.39352640545145	1157	1138	[(1, 1139)]	[(1852, 3009)]	[(1139, 1)]	4.365049422772203
URI56H	contig_3 [gcode=11] [topology=linear]	U04281.1	I	26506	692	100.0	691	691	[(1, 692)]	[(2173, 2864)]	[(692, 1)]	2.6069569154153776
URI56H	contig_3 [gcode=11] [topology=linear]	U04240.1	E	26506	929	87.15498938428875	931	928	[(1, 929)]	[(2173, 3104)]	[(929, 1)]	3.5124122840111673
URI56H	contig_3 [gcode=11] [topology=linear]	U01892.1	M	26506	824	86.00973236009733	810	817	[(7, 824)]	[(2198, 3008)]	[(824, 7)]	3.05591186901079
URI56H	contig_3 [gcode=11] [topology=linear]	DQ437462.1	C	26506	630	89.84126984126985	629	629	[(1, 630)]	[(2201, 2830)]	[(630, 1)]	2.373047611861465
