assembly_id	contig_id	ref_id	ospC_type	query_length	ref_length	overall_percent_identity	query_covered_length	ref_covered_length	covered_intervals	query_intervals	subject_hit_coords	query_coverage_percent
URI86H	contig_8 [gcode=11] [topology=linear]	AF029871.1	K	26514	583	100.0	582	582	[(1, 583)]	[(25905, 26487)]	[(583, 1)]	2.1950667571848834
URI86H	contig_8 [gcode=11] [topology=linear]	L42895.1	K	26514	579	100.0	578	578	[(1, 579)]	[(25884, 26462)]	[(579, 1)]	2.1799803877196955
URI86H	contig_8 [gcode=11] [topology=linear]	X84782.1	K	26514	534	95.7089552238806	533	533	[(1, 534)]	[(25905, 26438)]	[(534, 1)]	2.010258731236328
URI86H	contig_8 [gcode=11] [topology=linear]	CP001535.1	J	26514	636	87.16744913928012	633	633	[(3, 636)]	[(25881, 26514)]	[(636, 3)]	2.387417967866033
URI86H	contig_8 [gcode=11] [topology=linear]	U04281.1	I	26514	692	86.34294385432474	655	652	[(37, 689)]	[(25859, 26514)]	[(689, 37)]	2.4703929999245684
