assembly_id	contig_id	ref_id	ospC_type	query_length	ref_length	overall_percent_identity	query_covered_length	ref_covered_length	covered_intervals	query_intervals	subject_hit_coords	query_coverage_percent
UWI263P	contig_2 [gcode=11] [topology=linear]	L25413.1	D	26519	1150	85.40084388185653	1166	1149	[(1, 1150)]	[(24420, 25586)]	[(1150, 1)]	4.396847543270862
UWI263P	contig_2 [gcode=11] [topology=linear]	X81524.1	L	26519	633	99.0521327014218	632	632	[(1, 633)]	[(24774, 25406)]	[(633, 1)]	2.3831969531279458
UWI263P	contig_2 [gcode=11] [topology=linear]	U04240.1	E	26519	929	84.51612903225806	917	913	[(1, 914)]	[(24764, 25681)]	[(914, 1)]	3.457898110788491
UWI263P	contig_2 [gcode=11] [topology=linear]	U01892.1	M	26519	824	83.09178743961353	811	817	[(7, 824)]	[(24774, 25585)]	[(824, 7)]	3.0581846977638674
UWI263P	contig_2 [gcode=11] [topology=linear]	U04281.1	I	26519	692	85.79626972740316	693	688	[(1, 689)]	[(24747, 25440)]	[(689, 1)]	2.6132207096798523
