assembly_id	contig_id	ref_id	ospC_type	query_length	ref_length	overall_percent_identity	query_covered_length	ref_covered_length	covered_intervals	query_intervals	subject_hit_coords	query_coverage_percent
XYZ459H	contig_10 [gcode=11] [topology=linear]	U01892.1	M	26537	824	99.38875305623472	817	817	[(7, 824)]	[(14153, 14970)]	[(7, 824)]	3.0787202773486078
XYZ459H	contig_10 [gcode=11] [topology=linear]	L25413.1	D	26537	1150	85.01683501683502	1175	1149	[(1, 1150)]	[(14152, 15327)]	[(1, 1150)]	4.427780080642122
XYZ459H	contig_10 [gcode=11] [topology=linear]	U04240.1	E	26537	929	88.33693304535637	922	913	[(1, 914)]	[(14058, 14980)]	[(1, 914)]	3.4743942420017335
XYZ459H	contig_10 [gcode=11] [topology=linear]	U04282.1	B_bissettii25015	26537	962	82.99180327868852	939	958	[(1, 959)]	[(14058, 14997)]	[(1, 959)]	3.538455741040811
XYZ459H	contig_10 [gcode=11] [topology=linear]	U01894.1	A	26537	980	84.94208494208493	768	764	[(216, 980)]	[(14241, 15009)]	[(216, 980)]	2.8940724271771487
